,Title,Style Code,Category,Size,Description,Colors,Status,Rating,Picture,Price,Link
0,Nike Air Max 90, CN8490-100,Lifestyle,"['6', '6.5', '7', '7.5', '8', '8.5', '9', '9.5', '10', '10.5', '11', '11.5', '12', '12.5', '13', '14', '15']","Nothing as fly, nothing as comfortable, nothing as proven. The Nike Air Max 90 stays true to its OG running roots with the iconic Waffle sole, stitched overlays and classic TPU details. Classic colors celebrate your fresh look while Max Air cushioning adds comfort to the journey.", White/White/Wolf Grey/White,Available,4.8 Stars,"https://static.nike.com/a/images/t_PDP_1280_v1/f_auto,q_auto:eco/zwxes8uud05rkuei1mpt/air-max-90-mens-shoe-6n3vKB.png",$120,https://www.nike.com/t/air-max-90-mens-shoe-6n3vKB/CN8490-100
1,Nike Air Max Genome, CW1648-002,Lifestyle,"['4', '4.5', '5', '5.5', '6', '6.5', '7', '7.5', '8', '8.5', '9', '9.5', '10', '10.5', '11', '11.5', '12', '12.5', '13', '14', '15']","Inspired by the early 2000s look, the Air Max Genome adds a fresh face to the Air Max house. Its techy upper features a mixture of materials including sleek no-sew skins, airy mesh and durable plastic details. The low-profile, full-length Air unit adds comfort to match its sleek design that's sure to become your new favorite Air Max. This product is made with at least 20% recycled materials by weight.", Black/Dark Smoke Grey/White/Signal Blue,Just In,5 Stars,"https://static.nike.com/a/images/t_PDP_1280_v1/f_auto,q_auto:eco/0090f15a-bfe6-46fd-9d20-147e1bfa9350/air-max-genome-mens-shoe-hgsQFb.png",$170,https://www.nike.com/t/air-max-genome-mens-shoe-hgsQFb/CW1648-002
2,Nike Air Max 270, AH8050-100,Lifestyle,"['6', '6.5', '7', '7.5', '8', '8.5', '9', '9.5', '10', '10.5', '11', '11.5', '12', '12.5', '13', '14', '15']","Nike's first lifestyle Air Max brings you style, comfort and big attitude in the Nike Air Max 270. The design draws inspiration from Air Max icons, showcasing Nike's greatest innovation with its large window and fresh array of colors.", White/White/Black,Available,4.7 Stars,"https://static.nike.com/a/images/t_PDP_1280_v1/f_auto,q_auto:eco/awjogtdnqxniqqk0wpgf/air-max-270-mens-shoe-KkLcGR.png",$150,https://www.nike.com/t/air-max-270-mens-shoe-KkLcGR/AH8050-100
3,Nike Crater Impact, DB2477-010,Lifestyle,"['6', '6.5', '7', '7.5', '8', '8.5', '9', '9.5', '10', '10.5', '11', '11.5', '12', '12.5', '13', '14', '15']","Nike Crater Impact is part of our sustainability journey to transform trash into shoes that tread a little lighter. Made from at least 25% recycled material by weight, it brings in unique design choices that reduces waste when compared with traditional methods––like an embroidered swoosh, efficient overlays and of course its Crater foam midsole.", Light Bone/Stone/Volt/Black,Sustainable Materials,3 Stars,"https://static.nike.com/a/images/t_PDP_1280_v1/f_auto,q_auto:eco/0f8a1594-d70f-4e9e-a902-b5a64c39c59a/crater-impact-mens-shoe-RZXRx0.png",$100,https://www.nike.com/t/crater-impact-mens-shoe-RZXRx0/DB2477-010
4,Nike Air Force 1 Crater FlyKnit, DC4831-002,Lifestyle,"['6', '6.5', '7', '7.5', '8', '8.5', '9', '9.5', '10', '10.5', '11', '11.5', '12', '12.5', '13', '14', '15']","Your modern take on the hoops icon, the Nike Air Force 1 Crater FlyKnit updates classic b-ball style with at least 20% recycled materials by weight. The super-airy FlyKnit upper features a linen-like texture while the speckled Crater foam midsole adds a modern twist. It's legendary style that's on-point and lets you give a little back with every step.", Wolf Grey/Pure Platinum/Gym Red/White,Just In,0 Stars,"https://static.nike.com/a/images/t_PDP_1280_v1/f_auto,q_auto:eco/0e951f7f-a468-404e-a14a-809d18a34bb7/air-force-1-crater-flyknit-mens-shoe-8pTBvt.png",$110,https://www.nike.com/t/air-force-1-crater-flyknit-mens-shoe-8pTBvt/DC4831-002
5,Nike Air Force 1 '07, CW2288-111,Lifestyle,"['M 6 / W 7.5', 'M 6.5 / W 8', 'M 7 / W 8.5', 'M 7.5 / W 9', 'M 8 / W 9.5', 'M 8.5 / W 10', 'M 9 / W 10.5', 'M 9.5 / W 11', 'M 10 / W 11.5', 'M 10.5 / W 12', 'M 11 / W 12.5', 'M 11.5 / W 13', 'M 12 / W 13.5', 'M 12.5 / W 14', 'M 13 / W 14.5', 'M 14 / W 15.5', 'M 15 / W 16.5', 'M 16 / W 17.5', 'M 17 / W 18.5', 'M 18 / W 19.5']","The radiance lives on in the Nike Air Force 1 ’07, the b-ball OG that puts a fresh spin on what you know best: durably stitched overlays, clean finishes and the perfect amount of flash to make you shine.", White/White,Available,4.9 Stars,"https://static.nike.com/a/images/t_PDP_1280_v1/f_auto,q_auto:eco/4f37fca8-6bce-43e7-ad07-f57ae3c13142/air-force-1-07-mens-shoe-5QFp5Z.png",$90,https://www.nike.com/t/air-force-1-07-mens-shoe-5QFp5Z/CW2288-111
6,Nike Air Force 1 Mid '07, CW2289-111,Lifestyle,"['6', '6.5', '7', '7.5', '8', '8.5', '9', '9.5', '10', '10.5', '11', '11.5', '12', '12.5', '13', '14', '15', '16', '17', '18']","The Air Force 1 Mid '07 is everything you know best: crisp overlays, bold accents and the perfect amount of flash to let you shine. The padded, mid-cut collar with classic hook-and-loop closure adds heritage b-ball comfort while perforations on the toe keep you cool.", White/White,Available,4.8 Stars,"https://static.nike.com/a/images/t_PDP_1280_v1/f_auto,q_auto:eco/04421d64-7214-4718-ba73-93e6d1447bac/air-force-1-mid-07-mens-shoe-S1QClz.png",$95,https://www.nike.com/t/air-force-1-mid-07-mens-shoe-S1QClz/CW2289-111
7,Nike Air Force 1 High '07, CW2290-111,Lifestyle,"['6', '6.5', '7', '7.5', '8', '8.5', '9', '9.5', '10', '10.5', '11', '11.5', '12', '12.5', '13', '14', '15', '16', '17', '18']","The Air Force 1 High '07 is everything you know best: crisp overlays, bold accents and the perfect amount of flash to let you shine. The padded, high-cut collar with classic hook-and-loop closure adds heritage b-ball comfort while perforations on the toe keep you cool.", White/White,Available,4 Stars,"https://static.nike.com/a/images/t_PDP_1280_v1/f_auto,q_auto:eco/6a91c26b-7471-459d-91c5-30665fdc144c/air-force-1-high-07-mens-shoes-CGjvNW.png",$100,https://www.nike.com/t/air-force-1-high-07-mens-shoes-CGjvNW/CW2290-111
8,Nike Air VaporMax 2020 FK, CJ6740-100,Lifestyle,"['6', '6.5', '7', '7.5', '8', '8.5', '9', '9.5', '10', '10.5', '11', '11.5', '12', '12.5', '13', '14', '15']","Designed with sustainability in mind, the Nike Air VaporMax 2020 Flyknit is made from at least 50% recycled content by weight. That’s a lot of trash! As part of Nike’s journey towards lowering our impact, we’re discovering new ways to put our waste to good use. By utilizing leftover materials, recycled polyester, recycled foam, and a Nike Air sole made from at least 75% recycled TPU, the VaporMax 2020 Flyknit marks the next step towards our ultimate goal of zero carbon and zero waste.", White/White/Summit White,Sustainable Materials,4.5 Stars,"https://static.nike.com/a/images/t_PDP_1280_v1/f_auto,q_auto:eco/15cffa1c-c70d-4e64-a7eb-8b46fc9ab32f/air-vapormax-2020-fk-mens-shoe-kn9vwZ.png",$220,https://www.nike.com/t/air-vapormax-2020-fk-mens-shoe-kn9vwZ/CJ6740-100
9,Nike Air VaporMax Evo, CT2868-100,Lifestyle,"['3.5', '4', '4.5', '5', '5.5', '6', '6.5', '7', '7.5', '8', '8.5', '9', '9.5', '10', '10.5', '11', '11.5', '12', '12.5', '13', '14', '15']","The Nike Air VaporMax EVO puts Air Max DNA under the microscope to showcase the distinguishing features of 7 Nike icons. From stitched overlays, to classic accents to unbelievable comfort and overt '90s styling, it splices the must-haves of your favorite Air Max shoes onto 1 new design. Evolve your look and feel the comfort of everything Max.", White/Wolf Grey/Dark Grey/Black,Available,5 Stars,"https://static.nike.com/a/images/t_PDP_1280_v1/f_auto,q_auto:eco/a3e3ae35-669d-4f87-8e44-8675397a13a0/air-vapormax-evo-mens-shoe-WhLBpv.png",$200,https://www.nike.com/t/air-vapormax-evo-mens-shoe-WhLBpv/CT2868-100
10,Nike Air Max Plus, CZ1651-800,Lifestyle,"['6', '6.5', '7', '7.5', '8', '8.5', '9', '9.5', '10', '10.5', '11', '11.5', '12', '12.5', '13', '14', '15']","Let your attitude have the edge in your Nike Air Max Plus, a ""tuned"" air experience that offers premium stability and unbelievable cushioning. Featuring airy mesh, gradient coloring and the wavy design lines of the original, it celebrates your defiant style.", Laser Orange/Siren Red/Fuchsia Glow/Black,Just In,5 Stars,"https://static.nike.com/a/images/t_PDP_1280_v1/f_auto,q_auto:eco/952e29d2-4f98-4b09-add4-2f58ab7fab77/air-max-plus-mens-shoe-x9G2xF.png",$160,https://www.nike.com/t/air-max-plus-mens-shoe-x9G2xF/CZ1651-800
11,Nike Blazer Low '77 Vintage, DA6364-400,Lifestyle,"['M 3.5 / W 5', 'M 4 / W 5.5', 'M 4.5 / W 6', 'M 5 / W 6.5', 'M 5.5 / W 7', 'M 6 / W 7.5', 'M 6.5 / W 8', 'M 7 / W 8.5', 'M 7.5 / W 9', 'M 8 / W 9.5', 'M 8.5 / W 10', 'M 9 / W 10.5', 'M 9.5 / W 11', 'M 10 / W 11.5', 'M 10.5 / W 12', 'M 11 / W 12.5', 'M 11.5 / W 13', 'M 12 / W 13.5', 'M 12.5 / W 14', 'M 13 / W 14.5', 'M 14 / W 15.5', 'M 15 / W 16.5']","Praised by the streets for its classic simplicity and comfort, the Nike Blazer Low '77 Vintage returns with its low-profile style and heritage b-ball looks. Featuring luscious suede details, a retro Swoosh design and a super-soft collar, it's the must-have wardrobe staple that will take you everywhere.", Midnight Navy/Sail/White,Available,4.2 Stars,"https://static.nike.com/a/images/t_PDP_1280_v1/f_auto,q_auto:eco/0b195a4d-d73b-4d27-baa9-653d167ca2bd/blazer-low-77-vintage-mens-shoe-pkcNzf.png",$85,https://www.nike.com/t/blazer-low-77-vintage-mens-shoe-pkcNzf/DA6364-400
12,Nike Blazer Mid '77 Vintage, BQ6806-110,Lifestyle,"['M 3.5 / W 5', 'M 4 / W 5.5', 'M 4.5 / W 6', 'M 5 / W 6.5', 'M 5.5 / W 7', 'M 6 / W 7.5', 'M 6.5 / W 8', 'M 7 / W 8.5', 'M 7.5 / W 9', 'M 8 / W 9.5', 'M 8.5 / W 10', 'M 9 / W 10.5', 'M 9.5 / W 11', 'M 10 / W 11.5', 'M 10.5 / W 12', 'M 11 / W 12.5', 'M 11.5 / W 13', 'M 12 / W 13.5', 'M 12.5 / W 14', 'M 13 / W 14.5', 'M 14 / W 15.5', 'M 15 / W 16.5']","In the ‘70s, Nike was the new shoe on the block. So new in fact, we were still breaking into the basketball scene and testing prototypes on the feet of our local team. Of course, the design improved over the years, but the name stuck. The Nike Blazer Mid ’77 Vintage—classic since the beginning.", White/Sail/Mantra Orange,Available,4.6 Stars,"https://static.nike.com/a/images/t_PDP_1280_v1/f_auto,q_auto:eco/a11caa5a-95ee-46ce-9a28-c1b9b983e1d5/blazer-mid-77-vintage-mens-shoe-nw30B2.png",$100,https://www.nike.com/t/blazer-mid-77-vintage-mens-shoe-nw30B2/BQ6806-110
13,Nike Blazer Low '77 Vintage, DJ6201-100,Lifestyle,"['6', '6.5', '7', '7.5', '8', '8.5', '9', '9.5', '10', '10.5', '11', '11.5', '12', '12.5', '13', '14', '15']","Praised by the streets for keeping it simple yet comfortable, the Nike Blazer Low '77 Vintage returns with a low-profile style that pays homage to hoops lore. Refreshed with Americana-inspired details, a denim Swoosh design and a supersoft collar, this Blazer is the summer staple that will take you everywhere.", White/Chile Red/Psychic Blue/Midnight Navy,Available,0 Stars,"https://static.nike.com/a/images/t_PDP_1280_v1/f_auto,q_auto:eco/bc07046c-3c94-4c9f-bd69-1b86865b682d/blazer-low-77-vintage-mens-shoe-kw53J0.png",$95,https://www.nike.com/t/blazer-low-77-vintage-mens-shoe-kw53J0/DJ6201-100
14,Nike Air Max 97, DJ2740-100,Lifestyle,"['6', '6.5', '7', '7.5', '8', '8.5', '9', '9.5', '10', '10.5', '11', '11.5', '12', '12.5', '13', '14', '15']","Featuring the same ripple design of the OG, the Nike Air Max 97 lets you push your style to the next level. Taking the revolutionary full-length Max Air unit that shook up the running world and adding a gum sole accent to the crisp white finish keeps your look fresh and versatile.", White/Gum Light Brown/White,Available,5 Stars,"https://static.nike.com/a/images/t_PDP_1280_v1/f_auto,q_auto:eco/6222b27b-b340-445a-bc9b-a339bf92dd2b/air-max-97-mens-shoe-X81K3p.png",$170,https://www.nike.com/t/air-max-97-mens-shoe-X81K3p/DJ2740-100
15,Nike Air Max 97, 921826-015,Lifestyle,"['6', '6.5', '7', '7.5', '8', '8.5', '9', '9.5', '10', '10.5', '11', '11.5', '12', '12.5', '13', '14', '15']","Featuring the original ripple design inspired by Japanese bullet trains, the Nike Air Max 97 lets you push your style full-speed ahead. Taking the revolutionary full-length Nike Air unit that shook up the running world and adding fresh colors and crisp details, it lets you ride in first-class comfort.", Black/Anthracite/White,Available,4.8 Stars,"https://static.nike.com/a/images/t_PDP_1280_v1/f_auto,q_auto:eco/d7yyh7rta3tkye7kdyka/air-max-97-mens-shoe-SD3ZmW.png",$170,https://www.nike.com/t/air-max-97-mens-shoe-SD3ZmW/921826-015
16,Nike Air VaporMax Plus, 924453-100,Lifestyle,"['M 4 / W 5.5', 'M 4.5 / W 6', 'M 5 / W 6.5', 'M 5.5 / W 7', 'M 6 / W 7.5', 'M 6.5 / W 8', 'M 7 / W 8.5', 'M 7.5 / W 9', 'M 8 / W 9.5', 'M 8.5 / W 10', 'M 9 / W 10.5', 'M 9.5 / W 11', 'M 10 / W 11.5', 'M 10.5 / W 12', 'M 11 / W 12.5', 'M 11.5 / W 13', 'M 12 / W 13.5', 'M 12.5 / W 14', 'M 13 / W 14.5', 'M 14 / W 15.5', 'M 15 / W 16.5']","The Nike Air VaporMax Plus looks to the past and propels you into the future. Nodding to the 1998 Air Max Plus with its floating cage, padded upper and heel logo, it adds revolutionary VaporMax Air technology to ramp up the comfort and create a modern look.", White/Pure Platinum/White,Available,4.8 Stars,"https://static.nike.com/a/images/t_PDP_1280_v1/f_auto,q_auto:eco/9432d22f-2bed-4603-9244-f72090d4ca5c/air-vapormax-plus-mens-shoe-nC0dzF.png",$200,https://www.nike.com/t/air-vapormax-plus-mens-shoe-nC0dzF/924453-100
17,Nike Air Force 1 '07 LX, DJ5174-100,Lifestyle,"['6', '6.5', '7', '7.5', '8', '8.5', '9', '9.5', '10', '10.5', '11', '11.5', '12', '12.5', '13', '14', '15']","The radiance lives on in the Nike Air Force 1 ’07 LX, the b-ball OG that puts a fresh spin on what you know best: crisp leather, bold colors and the right amount of flash to make you shine. Denim color pops in classic blue and red celebrate the love of the game while staying true to its legendary status.", White/Midnight Navy/Chile Red/White,Available,5 Stars,"https://static.nike.com/a/images/t_PDP_1280_v1/f_auto,q_auto:eco/f7ac5272-3a85-46f8-9781-37d8b7bf3541/air-force-1-07-lx-mens-shoe-mVVtwD.png",$120,https://www.nike.com/t/air-force-1-07-lx-mens-shoe-mVVtwD/DJ5174-100
18,Nike Air Force 1 '07 LX, CZ0327-100,Lifestyle,"['6', '6.5', '7', '7.5', '8', '8.5', '9', '9.5', '10', '10.5', '11', '11.5', '12', '12.5', '13', '14', '15', '16', '17', '18']","Since its release, the AF1 has left its mark on the streets. Now, the b-ball icon lets you leave yours. Playing with DIY style and nodding to the trend of graffiti artists signing their artwork with ""HELLO"" name-tags, the Nike Air Force 1 ’07 LX brings you a blank canvas to make your own masterpiece.", White/University Red/Black/White,Available,0 Stars,"https://static.nike.com/a/images/t_PDP_1280_v1/f_auto,q_auto:eco/784ec532-b738-47f8-b56e-158e4b302f41/air-force-1-07-lx-mens-shoe-V8v1fG.png",$120,https://www.nike.com/t/air-force-1-07-lx-mens-shoe-V8v1fG/CZ0327-100
19,Nike Air Force 1 '07, CT2302-100,Lifestyle,"['6', '6.5', '7', '7.5', '8', '8.5', '9', '9.5', '10', '10.5', '11', '11.5', '12', '12.5', '13', '14', '15', '16', '17', '18']","The radiance lives on in the Nike Air Force 1 ’07, the b-ball icon that puts a fresh spin on what you know best: crisp leather, bold colors and the perfect amount of flash to make you shine.", White/Black,Available,5 Stars,"https://static.nike.com/a/images/t_PDP_1280_v1/f_auto,q_auto:eco/350e7f3a-979a-402b-9396-a8a998dd76ab/air-force-1-07-mens-shoe-xDpsTk.png",$90,https://www.nike.com/t/air-force-1-07-mens-shoe-xDpsTk/CT2302-100
20,Nike Air Zoom Pulse, CT1629-002,Lifestyle,"['M 3.5 / W 5', 'M 4 / W 5.5', 'M 4.5 / W 6', 'M 5 / W 6.5', 'M 5.5 / W 7', 'M 6 / W 7.5', 'M 6.5 / W 8', 'M 7 / W 8.5', 'M 7.5 / W 9', 'M 8 / W 9.5', 'M 8.5 / W 10', 'M 9 / W 10.5', 'M 9.5 / W 11', 'M 10 / W 11.5', 'M 10.5 / W 12', 'M 11 / W 12.5', 'M 11.5 / W 13', 'M 12 / W 13.5', 'M 12.5 / W 14', 'M 13 / W 14.5', 'M 14 / W 15.5', 'M 15 / W 16.5']","Built for and tested by nurses, the Nike Air Zoom Pulse combines cushioning and flexible traction for a comfortable, natural feel that lasts through long shifts on dry and slippery surfaces. The durable design is easy to clean, pull on and take off to keep you ready for the unexpected.", Vast Grey/Pink/Blue Hero/University Gold,Available,4 Stars,"https://static.nike.com/a/images/t_PDP_1280_v1/f_auto,q_auto:eco/ee72541a-c11b-4282-a149-63c86241d6e2/air-zoom-pulse-shoe-xlmwMX.png",$120,https://www.nike.com/t/air-zoom-pulse-shoe-xlmwMX/CT1629-002
21,Nike React Live, CV1772-003,Lifestyle,"['6', '6.5', '7', '7.5', '8', '8.5', '9', '9.5', '10', '10.5', '11', '11.5', '12', '12.5', '13', '14', '15']","All day, every day the Nike React Live lets you shine, mixing innovation like the cable lacing system with the smooth, comfortable ride of React technology. Its exposed needlework and mixed-material upper add DIY appeal while its low-cut track silhouette nods to the history of Nike running.", Black/Dark Smoke Grey/White,Just In,0 Stars,"https://static.nike.com/a/images/t_PDP_1280_v1/f_auto,q_auto:eco/e68ed0af-5613-4230-a78e-3ccf8c15bc9b/react-live-mens-shoe-Dtb6LL.png",$100,https://www.nike.com/t/react-live-mens-shoe-Dtb6LL/CV1772-003
22,Nike Space Hippie 04, CZ6398-102,Lifestyle,"['6', '6.5', '7', '7.5', '8', '8.5', '9', '9.5', '10', '10.5', '11', '11.5', '12', '12.5', '13', '14', '15']","Space Hippie is a story of trash transformed. From the upper to the outsole, Space Hippie 04 is made of at least 25% recycled material by weight. Not only is it the most lightweight silhouette within the collection, it also has the lowest carbon footprint. Its ‘Space Waste Yarn’ upper includes about 75% recycled content by weight–made from recycled plastic bottles, t-shirts and yarn scraps. A soft, Crater Foam midsole combines Nike grind with a blend of foams for stability and a unique aesthetic.", Summit White/Photon Dust/Concord/Multi-Color,Sustainable Materials,4.6 Stars,"https://static.nike.com/a/images/t_PDP_1280_v1/f_auto,q_auto:eco/09b2001a-de71-4892-a5cd-2f4831fe74b0/space-hippie-04-mens-shoe-gGWDLk.png",$130,https://www.nike.com/t/space-hippie-04-mens-shoe-gGWDLk/CZ6398-102
23,Nike Asuna Crater, DJ4629-002,Lifestyle,"['6', '7', '8', '9', '10', '11', '12', '13', '14', '15', '16', '17', '18']","Bridging sport and fashion, the Nike Asuna Crater takes a fresh step toward sustainability. Made from at least 20% recycled material by weight, the design features soft Crater foam underfoot and rugged tread pattern that grips sand, sidewalks and trails. The ultra-plush strap is made from a mixture including some recycled materials while the unique lacing system with toggle offers a quick, customized fit that lets you transition effortlessly between worlds.", Black/White/Mean Green/Iron Grey,Available,5 Stars,"https://static.nike.com/a/images/t_PDP_1280_v1/f_auto,q_auto:eco/d8a35edb-cc58-4940-bc64-1b34b2913cfb/asuna-crater-mens-slide-3vp5P0.png",$55,https://www.nike.com/t/asuna-crater-mens-slide-3vp5P0/DJ4629-002
24,Nike Air Max 95, CZ0191-400,Lifestyle,"['6', '6.5', '7', '7.5', '8', '8.5', '9', '9.5', '10', '10.5', '11', '11.5', '12', '12.5', '13', '14', '15']","Taking inspiration from the human body and running DNA, the Nike Air Max 95 mixes unbelievable comfort with head turning style. The iconic side panels represent strength and feature flashy colors while visible Air in the heel and forefoot cushions every step.", Midnight Navy/University Gold/Wolf Grey/White,Available,0 Stars,"https://static.nike.com/a/images/t_PDP_1280_v1/f_auto,q_auto:eco/21eac106-7fb9-4593-9ce7-ef353d61102d/air-max-95-mens-shoe-KjttF3.png",$170,https://www.nike.com/t/air-max-95-mens-shoe-KjttF3/CZ0191-400
25,Nike Air Max 95 Essential, CT1268-100,Lifestyle,"['6', '6.5', '7', '7.5', '8', '8.5', '9', '9.5', '10', '10.5', '11', '11.5', '12', '12.5', '13', '14', '15']","Taking inspiration from the human body and running DNA, the Nike Air Max 95 Essential mixes unbelievable comfort with head turning style. The iconic side panels represent muscles while visible Nike Air in the heel and forefoot cushions your every step.", White/Grey Fog/White,Available,4.8 Stars,"https://static.nike.com/a/images/t_PDP_1280_v1/f_auto,q_auto:eco/i1-fe4f44e2-cfd9-495e-9be1-e572868e350f/air-max-95-essential-mens-shoe-V8wCh2.png",$170,https://www.nike.com/t/air-max-95-essential-mens-shoe-V8wCh2/CT1268-100
26,Nike Blazer Low X, DA2045-100,Lifestyle,"['4', '4.5', '5', '5.5', '6', '6.5', '7', '7.5', '8', '8.5', '9', '9.5', '10', '10.5', '11', '11.5', '12', '12.5', '13', '14', '15']","Praised by the streets for classic simplicity and comfort, the must-have wardrobe staple just got elevated. A plush, 3/4-length foam wedge in the midsole pillows every step. Its tongue feels smooth and fresh branding reenergizes the sleek, low-top design that has withstood the test of trends. Meet the new Blazer Low X.", White/Summit White/Gum Light Brown/Black,Available,5 Stars,"https://static.nike.com/a/images/t_PDP_1280_v1/f_auto,q_auto:eco/7671cca9-3abd-47c7-a670-a40beef3b56f/blazer-low-x-mens-shoe-SBj1Gh.png",$95,https://www.nike.com/t/blazer-low-x-mens-shoe-SBj1Gh/DA2045-100
27,Nike SB BLZR Court DVDL, CZ5605-300,Lifestyle,"['M 5 / W 6.5', 'M 5.5 / W 7', 'M 6 / W 7.5', 'M 6.5 / W 8', 'M 7 / W 8.5', 'M 7.5 / W 9', 'M 8 / W 9.5', 'M 8.5 / W 10', 'M 9 / W 10.5', 'M 9.5 / W 11', 'M 10 / W 11.5', 'M 10.5 / W 12', 'M 11 / W 12.5', 'M 11.5 / W 13', 'M 12 / W 13.5', 'M 13 / W 14.5', 'M 14 / W 15.5']","The Nike SB BLZR Court DVDL was designed in collaboration with Nike SB rider Daan Van Der Linden. Built with true-to-your-roots twill fabric, the design is a nod to the look and feel of fishing vests—complete with a custom patch and a fish hook on the Swoosh.", Dusty Olive/Light Bone/Navy/Medium Olive,Just In,0 Stars,"https://static.nike.com/a/images/t_PDP_1280_v1/f_auto,q_auto:eco/ac20647a-a4fd-4061-a9f3-a9a7ea01e287/sb-blzr-court-dvdl-skate-shoe-HLcFRv.png",$75,https://www.nike.com/t/sb-blzr-court-dvdl-skate-shoe-HLcFRv/CZ5605-300
28,Nike SB BLZR Court, CV1658-700,Lifestyle,"['M 4 / W 5.5', 'M 4.5 / W 6', 'M 5 / W 6.5', 'M 5.5 / W 7', 'M 6 / W 7.5', 'M 6.5 / W 8', 'M 7 / W 8.5', 'M 7.5 / W 9', 'M 8 / W 9.5', 'M 8.5 / W 10', 'M 9 / W 10.5', 'M 9.5 / W 11', 'M 10 / W 11.5', 'M 10.5 / W 12', 'M 11 / W 12.5', 'M 11.5 / W 13', 'M 12 / W 13.5', 'M 13 / W 14.5', 'M 14 / W 15.5']","With its minimal look and classic materials, the Nike SB BLZR Court brings a retro court vibe to the street. A reinforced ollie zone and flexible, grippy rubber help it last through your toughest sessions.", Light Zitron/Light Zitron/White/White,Available,5 Stars,"https://static.nike.com/a/images/t_PDP_1280_v1/f_auto,q_auto:eco/3272d02e-988b-469d-8d44-69987927fa5f/sb-blzr-court-skate-shoe-R6bVLk.png",$65,https://www.nike.com/t/sb-blzr-court-skate-shoe-R6bVLk/CV1658-700
29,What The Paul,N/A,Lifestyle,N/A,"Few athletes ever receive the honor of having a single signature shoe—Paul Rodriguez now has 10 to his name. In recognition of that longstanding lineage, this Dunk incorporates details from memorable colorways of each of those styles, resulting in an eclectic tapestry that celebrates the rich stories behind every material, graphic and hue we've seen over the course of P-Rod's run with Nike Skateboarding.
Mismatched makeups on the each shoe highlight some of the most iconic elements from P-Rod's signature line, with ornate embroidery, wild prints, colorful gradients and a range of premium textures blending to turn familiar features into something entirely new.
SKU: CZ2239-600",N/A,SNKRS,N/A,N/A,$150,https://www.nike.com/launch/r/CZ2239-600
30,Court Purple,N/A,Lifestyle,N/A,"Originally created for the hardwood, the Dunk later took to the streets—and as they say, the rest is history. More than 35 years after its debut, the silhouette still delivers bold, defiant style and remains a coveted look for crews across both sport and culture.
Taking after an iconic franchise in Los Angeles, this team-themed edition uses ornate embroidery to mimic classic basketball caps. Shades of Court Purple and Black blend with electric hits of Opti Yellow to give the look a low-key feel.
SKU: DH0642-001",N/A,SNKRS,N/A,N/A,$110,https://www.nike.com/launch/r/DH0642-001
31,Pure Platinum,N/A,Lifestyle,N/A,"Inspired by the revolutionary footwear that helped Nike build its brand on the oval, this new silhouette recalls a throwback track aesthetic while incorporating fresh breakthroughs that are spearheading the next era of Air.
Anchored by a reductive design concept, the fast-paced look exposes its Air unit in a completely new way, allowing for compression that creates a uniquely soft bounce in the heel. The design also utilizes sustainable materials to ensure that each pair is comprised of at least 20% recycled content by weight.
SKU: DA4263-100",N/A,SNKRS,N/A,N/A,$130,https://www.nike.com/launch/r/DA4263-100
32,Nike Air Max Bolt, CU4151-002,Lifestyle,"['7', '7.5', '8', '8.5', '9', '9.5', '10', '10.5', '11', '11.5', '12', '12.5', '13', '14', '15']","The running-inspired Nike Air Max Bolt features rich overlays, wavy design lines and a whole lot of visible Air. The foam midsole adds responsive cushioning, while the lightweight, durable materials make it a first-class essential. Dress it up, dress it down, wear it to the gym, wear it around town – this shoe keeps you in motion.", Black/Photon Dust/Electric Green/White,Just In,5 Stars,"https://static.nike.com/a/images/t_PDP_1280_v1/f_auto,q_auto:eco/7e177393-9962-4b41-b10a-d0c126a4d52d/air-max-bolt-mens-shoe-qrNFGh.png",$85,https://www.nike.com/t/air-max-bolt-mens-shoe-qrNFGh/CU4151-002
33,Nike Air Structure, DC2548-100,Lifestyle,"['6', '6.5', '7', '7.5', '8', '8.5', '9', '9.5', '10', '10.5', '11', '11.5', '12', '12.5', '13', '14', '15']","The Nike Air Structure brings back an early ‘90s fave. The plush, low-cut collar looks sleek and feels comfortable. Its layering of leather, TPU and mesh keeps Nike heritage alive while the fresh colors combine and embroidered details to add a splash of retro appeal.", Metallic Summit White/Persian Violet/Solar Red/Black,Available,0 Stars,"https://static.nike.com/a/images/t_PDP_1280_v1/f_auto,q_auto:eco/0e6cb3f7-0021-46ed-8d39-11962b1920a4/air-structure-mens-shoe-tCrCbl.png",$120,https://www.nike.com/t/air-structure-mens-shoe-tCrCbl/DC2548-100
34,Nike Air Max 96 II, CZ1921-100,Lifestyle,"['M 3.5 / W 5', 'M 4 / W 5.5', 'M 4.5 / W 6', 'M 5 / W 6.5', 'M 5.5 / W 7', 'M 6 / W 7.5', 'M 6.5 / W 8', 'M 7 / W 8.5', 'M 7.5 / W 9', 'M 8 / W 9.5', 'M 8.5 / W 10', 'M 9 / W 10.5', 'M 9.5 / W 11', 'M 10 / W 11.5', 'M 10.5 / W 12', 'M 11 / W 12.5', 'M 11.5 / W 13', 'M 12 / W 13.5', 'M 12.5 / W 14', 'M 13 / W 14.5', 'M 14 / W 15.5', 'M 15 / W 16.5']","For the first time, the Air Max 96 II returns with a 1-1 remake. Bringing back the sporty aesthetic imagined by famed Nike designer Sergio Lorenzo with retro colors on classic '90s construction, it's a return to throwback track styling. Nike Air cushioning keeps it comfortable. Long live the bubble.", White/Midnight Navy/University Gold/Black,Available,0 Stars,"https://static.nike.com/a/images/t_PDP_1280_v1/f_auto,q_auto:eco/865dc084-8d54-47f5-91b2-e3447087787c/air-max-96-ii-mens-shoe-0C8Dm8.png",$160,https://www.nike.com/t/air-max-96-ii-mens-shoe-0C8Dm8/CZ1921-100
35,Nike Air Force 1 '07 Craft, CN2873-101,Lifestyle,"['3.5', '4', '4.5', '5', '5.5', '6', '6.5', '7', '7.5', '8', '8.5', '9', '9.5', '10', '10.5', '11', '11.5', '12', '12.5', '13', '14', '15']","The legend lives on in the Nike Air Force 1 '07 Craft—a modern take on the iconic AF1 with new details like fresh graphics on the tongue and heel. Crisp leather, brushed suede and exposed stitching on the upper add texture and depth while the new plush liner feels soft and cushy. Its redesigned shape returns to OG roots, adding heritage style.", White/Summit White/Vast Grey/White,Available,4.7 Stars,"https://static.nike.com/a/images/t_PDP_1280_v1/f_auto,q_auto:eco/a96a1b62-d6b4-4c91-b1db-ae68863243af/air-force-1-07-craft-mens-shoe-CL8Zfx.png",$120,https://www.nike.com/t/air-force-1-07-craft-mens-shoe-CL8Zfx/CN2873-101
36,Nike Air Force 1 '07, CZ0326-100,Lifestyle,"['6', '6.5', '7', '7.5', '8', '8.5', '9', '9.5', '10', '10.5', '11', '11.5', '12', '12.5', '13', '14', '15', '16', '17', '18']","The radiance lives on in the Nike Air Force 1 ’07, the b-ball icon that puts a fresh spin on what you know best: crisp leather, bold accents and the perfect amount of flash to make you shine.", White/White/Team Red,Available,5 Stars,"https://static.nike.com/a/images/t_PDP_1280_v1/f_auto,q_auto:eco/fe5795f9-ad7b-4373-937f-3dd6bb75b7cd/air-force-1-07-mens-shoe-PN6jnS.png",$90,https://www.nike.com/t/air-force-1-07-mens-shoe-PN6jnS/CZ0326-100
37,Nike Air Force 1 '07 LV8, DJ5148-100,Lifestyle,"['6', '6.5', '7', '7.5', '8', '8.5', '9', '9.5', '10', '10.5', '11', '11.5', '12', '12.5', '13', '14', '15']","The radiance lives on in the Nike Air Force 1 ’07 LV8, the b-ball OG that puts a fresh spin on what you know best: stitched overlays, bold colors and the perfect amount of hoops style to make heads turn. This clean iteration nods to the '90s with its neon hues and throwback Nike Air woven tongue label design.", White/Aquamarine/Black/Green Strike,Available,0 Stars,"https://static.nike.com/a/images/t_PDP_1280_v1/f_auto,q_auto:eco/de11a570-00c8-4901-8d3d-0dba14fd03c6/air-force-1-07-lv8-mens-shoe-JjftFx.png",$110,https://www.nike.com/t/air-force-1-07-lv8-mens-shoe-JjftFx/DJ5148-100
38,Nike Waffle One, DA7995-600,Lifestyle,N/A,"Bringing a new look to the iconic Waffle franchise, the Nike Waffle One balances everything you love most about heritage Nike running with fresh innovations. Its new durable plastic heel clip adds energy while a mixture of transparent mesh and luscious suedes get you ready for summertime. The new springy midsole features the classic wedge shape while the updated Waffle outsole provides a level of support and traction you have to feel to believe.", Active Fuchsia/Black/Coconut Milk/University Gold,Coming Soon,N/A,"https://static.nike.com/a/images/t_PDP_1280_v1/f_auto,q_auto:eco/33f3e354-77f9-456e-a611-3e0bce0ea4fe/waffle-one-mens-shoe-nBt8QX.png",$100,https://www.nike.com/t/waffle-one-mens-shoe-nBt8QX/DA7995-600
39,Nike DBreak-Type, CT2556-001,Lifestyle,"['3.5', '4', '4.5', '5', '5.5', '6', '6.5', '7', '7.5', '8', '8.5', '9', '9.5', '10', '10.5', '11', '11.5', '12', '12.5', '13', '14', '15']","Deconstruct the past and step into the present with the fresh look of OG Nike running. The airy mesh on the upper and exaggerated stitching of the Nike DBreak-Type add a distinctly modern look onto early Bowerman prototypes while soft suedes and a sturdy heel clip keep you connected to retro track styling. Nodding to the champion Daybreak, the rubber Waffle outsole lets you walk between eras.", Wolf Grey/Iron Grey/White/Black,Available,4.5 Stars,"https://static.nike.com/a/images/t_PDP_1280_v1/f_auto,q_auto:eco/f26e1847-941d-456f-a619-c46b5c827856/dbreak-type-mens-shoe-CxCBss.png",$90,https://www.nike.com/t/dbreak-type-mens-shoe-CxCBss/CT2556-001
40,Nike Air Presto, CT3550-002,Lifestyle,"['6', '7', '8', '9', '10', '11', '12', '13', '14']","With a sleek design that's more comfortable than your favorite t-shirt, the Nike Air Presto is made to feel good and look fast. Its stretchy sleeve creates a cozy, sock-like fit while the super-soft foam adds spring to your step. Put them on and you'll never want to take them off.", Light Smoke Grey/White/Black/Light Smoke Grey,Available,4.7 Stars,"https://static.nike.com/a/images/t_PDP_1280_v1/f_auto,q_auto:eco/a77e72b9-f213-497c-a059-0b3afba6254f/air-presto-mens-shoe-jTGCjx.png",$130,https://www.nike.com/t/air-presto-mens-shoe-jTGCjx/CT3550-002
41,Nike SB Zoom Blazer Low Pro GT, DC7695-100,Lifestyle,"['M 5 / W 6.5', 'M 5.5 / W 7', 'M 6 / W 7.5', 'M 6.5 / W 8', 'M 7 / W 8.5', 'M 7.5 / W 9', 'M 8 / W 9.5', 'M 8.5 / W 10', 'M 9 / W 10.5', 'M 9.5 / W 11', 'M 10 / W 11.5', 'M 10.5 / W 12', 'M 11 / W 12.5', 'M 11.5 / W 13', 'M 12 / W 13.5', 'M 13 / W 14.5', 'M 14 / W 15.5', 'M 15 / W 16.5']","Rebuilt using insights from Grant Taylor, the Nike SB Zoom Blazer Low Pro GT is a fresh take on a favorite skate shoe. The updated design has higher taping to give you more durability.", White/White/White/Black,Available,5 Stars,"https://static.nike.com/a/images/t_PDP_1280_v1/f_auto,q_auto:eco/e039906f-d10e-49d2-a729-d2d55f0ebc97/sb-zoom-blazer-low-pro-gt-skate-shoe-wWkbwv.png",$80,https://www.nike.com/t/sb-zoom-blazer-low-pro-gt-skate-shoe-wWkbwv/DC7695-100
42,Nike SB Zoom Blazer Mid Premium, DA1839-300,Lifestyle,"['M 6 / W 7.5', 'M 6.5 / W 8', 'M 7 / W 8.5', 'M 7.5 / W 9', 'M 8 / W 9.5', 'M 8.5 / W 10', 'M 9 / W 10.5', 'M 9.5 / W 11', 'M 10 / W 11.5', 'M 10.5 / W 12', 'M 11 / W 12.5', 'M 11.5 / W 13', 'M 12 / W 13.5', 'M 13 / W 14.5', 'M 14 / W 15.5', 'M 15 / W 16.5']","Styled with slightly distressed suede, the Nike SB Zoom Blazer Mid Premium takes its cues from the well-worn pair of sneakers you've had for years. This pair may look like that faded favorite, but it comes with a responsive Zoom Air unit and a new, grippy outsole that's built to skate.", Light Dew/Green Glow/Arctic Punch/Light Zitron,Available,4 Stars,"https://static.nike.com/a/images/t_PDP_1280_v1/f_auto,q_auto:eco/27a121e9-08a6-4c1f-8e4b-0927a9c2571e/sb-zoom-blazer-mid-premium-skate-shoe-bcP1Nd.png",$110,https://www.nike.com/t/sb-zoom-blazer-mid-premium-skate-shoe-bcP1Nd/DA1839-300
43,Nike SB Shane, BV0657-103,Lifestyle,"['M 4 / W 5.5', 'M 4.5 / W 6', 'M 5 / W 6.5', 'M 5.5 / W 7', 'M 6 / W 7.5', 'M 6.5 / W 8', 'M 7 / W 8.5', 'M 7.5 / W 9', 'M 8 / W 9.5', 'M 8.5 / W 10', 'M 9 / W 10.5', 'M 9.5 / W 11', 'M 10 / W 11.5', 'M 10.5 / W 12', 'M 11 / W 12.5', 'M 11.5 / W 13', 'M 12 / W 13.5', 'M 13 / W 14.5', 'M 14 / W 15.5']","Shane O'Neill put the same attention to detail into every aspect of his signature shoe as he does in his almost-otherworldly skating. From the low-key perforated ventilation at the toe, to the double lacing option, to the no-break-in remastered sole, the Nike SB Shane gets all the details right.", Summit White/Vast Grey/Vast Grey/Game Royal,Available,4.4 Stars,"https://static.nike.com/a/images/t_PDP_1280_v1/f_auto,q_auto:eco/da1e3fda-0104-424b-8cc3-9de747564aa2/sb-shane-skate-shoe-Cj0plV.png",$80,https://www.nike.com/t/sb-shane-skate-shoe-Cj0plV/BV0657-103
44,Nike On Deck, CU3958-004,Lifestyle,"['6', '7', '8', '9', '10', '11', '12', '13', '14']","The Nike On Deck is a go-to flip flop with its easy-to-wear, no frills design. The rounded toe post limits chaffing while the foam midsole delivers the perfect amount of lightweight cushioning. Its Waffle inspired tread adds a heritage touch that gives you traction and durability.", Black/Hyper Crimson/White,Available,4.5 Stars,"https://static.nike.com/a/images/t_PDP_1280_v1/f_auto,q_auto:eco/dae9194b-5c96-4a6a-8b1d-16fa956bc738/on-deck-mens-flip-flop-McrHWg.png",$25,https://www.nike.com/t/on-deck-mens-flip-flop-McrHWg/CU3958-004
45,Nike Offcourt, BQ4639-001,Lifestyle,"['6', '7', '8', '9', '10', '11', '12', '13', '14', '15', '16', '17', '18']","Featuring Revive Foam, a supersoft foam designed to help you relax and recharge, the unrelenting comfort of the Nike Offcourt Slide is sensational. The innovative dual-layered foam and soft jersey lining on the strap ensure a gratifying full-foot experience. The iconic Air Force 1 pivot circle outsole and block lettering on the strap casually nod to heritage hoops.", Dark Grey/White/Black,Available,4.5 Stars,"https://static.nike.com/a/images/t_PDP_1280_v1/f_auto,q_auto:eco/f1v8uiqspkfldkrd9ra6/offcourt-mens-slide-Xkb8kb.png",$35,https://www.nike.com/t/offcourt-mens-slide-Xkb8kb/BQ4639-001
46,Nike Benassi JDI, 343880-090,Lifestyle,"['M 6 / W 7.5', 'M 7 / W 8.5', 'M 8 / W 9.5', 'M 9 / W 10.5', 'M 10 / W 11.5', 'M 11 / W 12.5', 'M 12 / W 13.5', 'M 13 / W 14.5', 'M 14 / W 15.5', 'M 15 / W 16.5', 'M 16 / W 17.5', 'M 17 / W 18.5']","Slide into comfort in the lightweight and sporty Nike Benassi JDI Slide. It features the Nike logo on the foot strap, which is lined in super soft fabric. The foam midsole brings that beach feeling to your feet and adds spring to your kicked-back style.", Black/White,Available,4.5 Stars,"https://static.nike.com/a/images/t_PDP_1280_v1/f_auto,q_auto:eco/i1-260fc473-f96f-4db3-9ef4-de039c6c49d4/benassi-jdi-mens-slide-JMOEGm.png",$25,https://www.nike.com/t/benassi-jdi-mens-slide-JMOEGm/343880-090
47,Nike Air Max 90, CZ1846-100,Lifestyle,"['6', '6.5', '7', '7.5', '8', '8.5', '9', '9.5', '10', '10.5', '11', '11.5', '12', '12.5', '13', '14', '15']","Nothing as fly, nothing as comfortable, nothing as proven—the Nike Air Max 90 stays true to its roots with the iconic Waffle outsole, stitched overlays and classic TPU accents. Fresh colors give a modern look while Max Air cushioning adds comfort to your journey.", White/Black/Neutral Grey/Hot Lime,Just In,0 Stars,"https://static.nike.com/a/images/t_PDP_1280_v1/f_auto,q_auto:eco/3fff7191-8411-48c3-8249-2de2fb613c45/air-max-90-mens-shoe-ZfFJ87.png",$120,https://www.nike.com/t/air-max-90-mens-shoe-ZfFJ87/CZ1846-100
48,Nike Air Max 90, DH0146-600,Lifestyle,"['M 6 / W 7.5', 'M 6.5 / W 8', 'M 7 / W 8.5', 'M 7.5 / W 9', 'M 8 / W 9.5', 'M 8.5 / W 10', 'M 9 / W 10.5', 'M 9.5 / W 11', 'M 10 / W 11.5', 'M 10.5 / W 12', 'M 11 / W 12.5', 'M 11.5 / W 13', 'M 12 / W 13.5', 'M 12.5 / W 14', 'M 13 / W 14.5', 'M 14 / W 15.5', 'M 15 / W 16.5']","Nothing as fly, nothing as comfortable, nothing as proven. The Nike Air Max 90 stays true to its original running roots with the iconic Waffle sole, stitched overlays and classic plastic details. Classic colors celebrate your fresh look while Max Air cushioning adds comfort to the journey.", University Red/Gym Red/Black/Bright Crimson,Available,5 Stars,"https://static.nike.com/a/images/t_PDP_1280_v1/f_auto,q_auto:eco/25375686-9469-4536-ad54-7203bd215704/air-max-90-mens-shoe-KNZGk1.png",$130,https://www.nike.com/t/air-max-90-mens-shoe-KNZGk1/DH0146-600
49,Nike Air Max 90, DC9845-100,Lifestyle,"['6', '6.5', '7', '7.5', '8', '8.5', '9', '9.5', '10', '10.5', '11', '11.5', '12', '12.5', '13', '14', '15']","Nothing as fly, nothing as comfortable, nothing as proven—the Nike Air Max 90 stays true to its roots with the iconic Waffle sole, stitched overlays and classic TPU accents. Fresh colors give a modern look while Max Air cushioning adds comfort to your journey.", White/Turf Orange/Aquamarine/Black,Available,5 Stars,"https://static.nike.com/a/images/t_PDP_1280_v1/f_auto,q_auto:eco/b645a1b2-3427-4f4c-81da-0f092c7e0a1f/air-max-90-mens-shoe-fxk1gm.png",$120,https://www.nike.com/t/air-max-90-mens-shoe-fxk1gm/DC9845-100
50,Nike Killshot OG, DC7627-105,Lifestyle,"['6', '6.5', '7', '7.5', '8', '8.5', '9', '9.5', '10', '10.5', '11', '11.5', '12', '12.5', '13', '14', '15']","Inspired by the original low-profile tennis shoe, the Nike Killshot OG updates the upper with airy mesh and a variety of textured leathers to create a fresh look. From soft suedes on the eyestays and toe to the smooth leather Swoosh, it's court-side attitude with a modern touch. To prove you're on top, the rubber gum sole adds the cherry on bottom.", Sail/Oil Green/Oil Green,Available,4.3 Stars,"https://static.nike.com/a/images/t_PDP_1280_v1/f_auto,q_auto:eco/a0e231a9-393c-4c6a-86a7-59de0c035cda/killshot-og-mens-shoe-L17Rn9.png",$90,https://www.nike.com/t/killshot-og-mens-shoe-L17Rn9/DC7627-105
51,Nike Killshot 2 Leather, 432997-107,Lifestyle,"['6', '6.5', '7', '7.5', '8', '8.5', '9', '9.5', '10', '10.5', '11', '11.5', '12', '12.5', '13', '14', '15']","Inspired by the OG low-profile tennis shoe, the Nike Killshot 2 updates the upper with a variety of textured leathers to create a fresh look. From soft suedes to smooth leathers with the perfect sheen, it's court-side attitude with a modern touch. To prove you're on top, the rubber gum sole adds the cherry on bottom.", Sail/Gum Yellow/Midnight Navy,Available,4.7 Stars,"https://static.nike.com/a/images/t_PDP_1280_v1/f_auto,q_auto:eco/hvt3vtikntcpmkka2732/killshot-2-leather-mens-shoe-zrq1wk.png",$90,https://www.nike.com/t/killshot-2-leather-mens-shoe-zrq1wk/432997-107
52,Nike Court Legacy Slip, DA2754-101,Lifestyle,"['6', '6.5', '7', '7.5', '8', '8.5', '9', '9.5', '10', '10.5', '11', '11.5', '12', '12.5', '13', '14', '15']","Honoring its history rooted in tennis culture, the Nike Court Legacy Slip turns a classic into an easy-to-wear slip-on. Crafted from durable canvas and featuring heritage details like the Swoosh license plate on the back, the style lets you bridge sport and fashion.", White/Black,Available,2.5 Stars,"https://static.nike.com/a/images/t_PDP_1280_v1/f_auto,q_auto:eco/234e5a1f-23fc-480b-afc2-159c8ca395fd/court-legacy-slip-mens-slip-on-SJssls.png",$55,https://www.nike.com/t/court-legacy-slip-mens-slip-on-SJssls/DA2754-101
53,Nike Challenger OG, CW7645-403,Lifestyle,"['4', '4.5', '5', '5.5', '6', '6.5', '7', '7.5', '8', '8.5', '9', '9.5', '10', '10.5', '11', '11.5', '12', '12.5', '13', '14', '15']","Nearly a 1-to-1 remake of the OG running shoe that offered runners a distinct look in the '70s, the Nike Challenger OG marries soft suedes, shimmering fabric and breathable mesh. Plush padding around the ankle combines with its sleek, springy midsole to make it the comfy trendsetter—the diamond from underground.", Racer Blue/Black/Sail/White,Available,4.5 Stars,"https://static.nike.com/a/images/t_PDP_1280_v1/f_auto,q_auto:eco/4381dbca-dd86-474d-ae59-547a06e42504/challenger-og-mens-shoe-wrhSPb.png",$90,https://www.nike.com/t/challenger-og-mens-shoe-wrhSPb/CW7645-403
54,Nike Air Presto, CJ1229-700,Lifestyle,"['XXS', 'XS', 'S', 'M', 'L', 'XL']","The Nike Air Presto delivers the same unrivaled fit and comfort that marked its 2000 debut. Crafted with a stretchy mesh sleeve, it uses Air cushioning for lightweight comfort.", University Gold/Siren Red/Fierce Purple/Hyper Crimson,Available,4.7 Stars,"https://static.nike.com/a/images/t_PDP_1280_v1/f_auto,q_auto:eco/6d4684cf-b63a-4f7e-a06b-001a7109874d/air-presto-mens-shoe-CBrWFF.png",$130,https://www.nike.com/t/air-presto-mens-shoe-CBrWFF/CJ1229-700
55,Nike Air Zoom-Type SE, CV2220-400,Lifestyle,"['6', '6.5', '7', '7.5', '8', '8.5', '9', '9.5', '10', '10.5', '11', '11.5', '12', '12.5', '13', '14', '15']","Celebrate Nike innovation and sports heritage in the Nike Air Zoom-Type SE. It merges a deconstructed, DIY aesthetic with unbelievable comfort. The quilted textile on the upper creates an airy, lightweight feel while the stacked foam at the heel and Zoom Air cushioning at the forefoot let you ride in unparalleled comfort.", Ashen Slate/Pro Blue/White/Volt,Available,5 Stars,"https://static.nike.com/a/images/t_PDP_1280_v1/f_auto,q_auto:eco/5525ef1d-b197-4329-8399-ff055e3b0410/air-zoom-type-se-mens-shoe-QPrxxj.png",$150,https://www.nike.com/t/air-zoom-type-se-mens-shoe-QPrxxj/CV2220-400
56,Nike Blazer Mid '77 Vintage, DD9680-100,Lifestyle,"['3.5', '4', '4.5', '5', '5.5', '6', '6.5', '7', '7.5', '8', '8.5', '9', '9.5', '10', '10.5', '11', '11.5', '12', '12.5', '13', '14', '15']",The Nike Blazer Mid '77 Vintage elevates heritage hoops style with a natural vibe. Woven material delivers an earthy aesthetic while a bright pink insole brings a hidden pop every time you lace up., Summit White/White/Gum Light Brown/Summit White,Member Access,0 Stars,"https://static.nike.com/a/images/t_PDP_1280_v1/f_auto,q_auto:eco/f8bdeac2-1ca8-4d09-8d62-47f4b06f3bd2/blazer-mid-77-vintage-mens-shoe-Thlc5F.png",$110,https://www.nike.com/t/blazer-mid-77-vintage-mens-shoe-Thlc5F/DD9680-100
57,Nike Blazer Mid '77 Suede, CI1172-004,Lifestyle,"['M 3.5 / W 5', 'M 4 / W 5.5', 'M 4.5 / W 6', 'M 5 / W 6.5', 'M 5.5 / W 7', 'M 6 / W 7.5', 'M 6.5 / W 8', 'M 7 / W 8.5', 'M 7.5 / W 9', 'M 8 / W 9.5', 'M 8.5 / W 10', 'M 9 / W 10.5', 'M 9.5 / W 11', 'M 10 / W 11.5', 'M 10.5 / W 12', 'M 11 / W 12.5', 'M 11.5 / W 13', 'M 12 / W 13.5', 'M 12.5 / W 14', 'M 13 / W 14.5', 'M 14 / W 15.5', 'M 15 / W 16.5']","The Nike Blazer Mid '77 Vintage Suede harnesses the old-school look of Nike b-ball with a vintage midsole finish, making it look like you've been saving them for years. Its luscious suede, retro Swoosh and padded collar make it a modern staple while the ultra-clean colors add a crisp look that completes any outfit.", Light Smoke Grey/White/Black/White,Available,4.2 Stars,"https://static.nike.com/a/images/t_PDP_1280_v1/f_auto,q_auto:eco/0aa08900-950b-49d3-b97a-507528572a24/blazer-mid-77-suede-shoe-HxFGDP.png",$100,https://www.nike.com/t/blazer-mid-77-suede-shoe-HxFGDP/CI1172-004
58,Nike Blazer Mid '77 Infinite, DA7233-102,Lifestyle,"['M 6 / W 7.5', 'M 6.5 / W 8', 'M 7 / W 8.5', 'M 7.5 / W 9', 'M 8 / W 9.5', 'M 8.5 / W 10', 'M 9 / W 10.5', 'M 9.5 / W 11', 'M 10 / W 11.5', 'M 10.5 / W 12', 'M 11 / W 12.5', 'M 11.5 / W 13', 'M 12 / W 13.5', 'M 12.5 / W 14', 'M 13 / W 14.5', 'M 14 / W 15.5', 'M 15 / W 16.5']","The Nike Blazer Mid '77 Infinite toughens up the old-school, b-ball icon that has become the go-to of the streets. Durable rubber details on the toe, heel and side let you take it where you want, day in and day out, while the piping and distorted Swoosh logo add a modern touch.", White/Blue Void/Roma Green/Bright Crimson,Available,4.5 Stars,"https://static.nike.com/a/images/t_PDP_1280_v1/f_auto,q_auto:eco/6da8c7bb-f6a8-424a-9306-95fd4dfd170f/blazer-mid-77-infinite-mens-shoe-JzSfwl.png",$110,https://www.nike.com/t/blazer-mid-77-infinite-mens-shoe-JzSfwl/DA7233-102
59,Nike Air Max Excee, CD4165-100,Lifestyle,"['6', '6.5', '7', '7.5', '8', '8.5', '9', '9.5', '10', '10.5', '11', '11.5', '12', '12.5', '13', '14', '15']","Inspired by the Nike Air Max 90, the Nike Air Max Excee is a celebration of a classic through a new lens. Elongated lines and distorted proportions on the upper bring the '90s look you love into a new, modern space.", White/Pure Platinum/Black,Available,4.4 Stars,"https://static.nike.com/a/images/t_PDP_1280_v1/f_auto,q_auto:eco/lddanijntooidcnakfzc/air-max-excee-mens-shoe-MhJh6v.png",$90,https://www.nike.com/t/air-max-excee-mens-shoe-MhJh6v/CD4165-100
60,Nike Adapt Auto Max, CZ6799-001,Lifestyle,"['M 4 / W 5.5', 'M 4.5 / W 6', 'M 5 / W 6.5', 'M 5.5 / W 7', 'M 6 / W 7.5', 'M 6.5 / W 8', 'M 7 / W 8.5', 'M 7.5 / W 9', 'M 8 / W 9.5', 'M 8.5 / W 10', 'M 9 / W 10.5', 'M 9.5 / W 11', 'M 10 / W 11.5', 'M 10.5 / W 12', 'M 11 / W 12.5', 'M 11.5 / W 13', 'M 12 / W 13.5', 'M 12.5 / W 14', 'M 13 / W 14.5', 'M 14 / W 15.5', 'M 15 / W 16.5']","Let the Nike Adapt Auto Max form to your feet for a completely personalized fit. A futuristic spin on Nike running and Tinker Hatfield's most iconic designs, it features Nike FitAdapt technology for a modern look and revolutionary feel. Set and save your favorite fits, customize the lights and receive updates that let you adapt to whatever lies ahead.", Jetstream/Radiant Emerald/Chrome Yellow/White,Available,4.8 Stars,"https://static.nike.com/a/images/t_PDP_1280_v1/f_auto,q_auto:eco/730e4da4-a02b-4b63-af95-e65c1a46ba74/adapt-auto-max-mens-shoe-LQF7vj.png",$400,https://www.nike.com/t/adapt-auto-max-mens-shoe-LQF7vj/CZ6799-001
61,Nike Air Max 97, DD9598-100,Lifestyle,"['6', '6.5', '7', '7.5', '8', '8.5', '9', '9.5', '10', '10.5', '11', '11.5', '12', '12.5', '13', '14', '15']","Does the blue and green of the Max Air unit look familiar? Text bubbles meet the swiftness of Air in the Nike Air Max 97, the fast-paced running icon that now meets modern communication. Add in the Airmoji patches to convey your feelings for the day. Message received.", White/Black/Signal Blue/Court Purple,Available,0 Stars,"https://static.nike.com/a/images/t_PDP_1280_v1/f_auto,q_auto:eco/b6583f2b-e9e8-4189-a9b9-bdbd20e9fd3a/air-max-97-mens-shoe-qJpQkh.png",$180,https://www.nike.com/t/air-max-97-mens-shoe-qJpQkh/DD9598-100
62,Air Max 90 LTR, CZ5594-100,Lifestyle,"['6', '6.5', '7', '7.5', '8', '8.5', '9', '9.5', '10', '10.5', '11', '11.5', '12', '12.5', '13', '14', '15']","The Nike Air Max 90 LTR stays true to its OG running roots with the iconic Waffle outsole, stitched overlays of smoothed leather and classic, color-accented TPU plates. The monochromatic upper provides versatile styling options while Max Air cushioning adds comfort to your step.", White/White/White,Available,4.8 Stars,"https://static.nike.com/a/images/t_PDP_1280_v1/f_auto,q_auto:eco/7b6ccd0a-2e86-4fac-8f13-a0d11c5f90df/air-max-90-ltr-mens-shoe-VLtBwX.png",$130,https://www.nike.com/t/air-max-90-ltr-mens-shoe-VLtBwX/CZ5594-100
63,Nike Air Max 90 Exeter Edition, DH0132-001,Lifestyle,"['6', '6.5', '7', '7.5', '8', '8.5', '9', '9.5', '10', '10.5', '11', '11.5', '12', '12.5', '13', '14', '15']","The Nike Air Max 90 Exeter Edition nods to a Nike pioneer's ingenuity and craftsmanship. Jeff Johnson arrived to Exeter, New Hampshire, in 1974 with 1 goal: to help a fledgling shoe company find an edge within a vanishing local manufacturing industry. From here he took a scrappy approach that resulted in collecting excess waste materials from local vendors to create shoes in colors and material combos never before seen. While remaining true to its OG running roots, this icon gets revamped with features like excess materials in the upper and about 15% Nike Grind in the forefoot of the outsole. They're audacious. They're thoughtful. They're game-changers.", Black/Iron Grey/White/White,Sustainable Materials,0 Stars,"https://static.nike.com/a/images/t_PDP_1280_v1/f_auto,q_auto:eco/bb31dada-32f3-4832-9367-b4fc2dbbb82e/air-max-90-exeter-edition-mens-shoe-23JtkL.png",$130,https://www.nike.com/t/air-max-90-exeter-edition-mens-shoe-23JtkL/DH0132-001
64,Nike Air Max 3, CZ2908-100,Lifestyle,"['M 7 / W 8.5', 'M 7.5 / W 9', 'M 8 / W 9.5', 'M 8.5 / W 10', 'M 9 / W 10.5', 'M 9.5 / W 11', 'M 10 / W 11.5', 'M 10.5 / W 12', 'M 11 / W 12.5', 'M 11.5 / W 13', 'M 12 / W 13.5', 'M 12.5 / W 14', 'M 13 / W 14.5', 'M 14 / W 15.5', 'M 15 / W 16.5']","Nothing as fly, nothing as comfortable, nothing as proven—the Nike Air Max 3 stays true to its roots with the iconic Waffle outsole, stitched overlays and classic TPU accents. Fresh colors give a modern look while Max Air cushioning adds comfort to your journey.", White/Spruce/Grey Fog/Hot Lime,Available,5 Stars,"https://static.nike.com/a/images/t_PDP_1280_v1/f_auto,q_auto:eco/be99c6a9-9f46-4fe7-b85a-4970d4c1fce9/air-max-3-mens-shoe-zWF1sC.png",$140,https://www.nike.com/t/air-max-3-mens-shoe-zWF1sC/CZ2908-100
65,Nike SB Chron Solarsoft, CD6278-015,Lifestyle,"['M 4 / W 5.5', 'M 4.5 / W 6', 'M 5 / W 6.5', 'M 5.5 / W 7', 'M 6 / W 7.5', 'M 6.5 / W 8', 'M 7 / W 8.5', 'M 7.5 / W 9', 'M 8 / W 9.5', 'M 8.5 / W 10', 'M 9 / W 10.5', 'M 9.5 / W 11', 'M 10 / W 11.5', 'M 10.5 / W 12', 'M 11 / W 12.5', 'M 11.5 / W 13', 'M 12 / W 13.5', 'M 13 / W 14.5', 'M 14 / W 15.5']","Get durability and breathability where you need them the most. With suede in high-wear areas, like the toe and heel, and canvas near your midfoot, the Nike SB Chron Solarsoft is designed just right. Thanks to a soft-yet-supportive insole cushioning every step, this flexible low-top will soon enter your daily rotation.", Light Smoke Grey/Light Smoke Grey/Gum Light Brown/White,Available,4.4 Stars,"https://static.nike.com/a/images/t_PDP_1280_v1/f_auto,q_auto:eco/c3aa4549-ee35-4720-ac6a-01977ff0fef8/sb-chron-solarsoft-skate-shoe-MNPbSl.png",$70,https://www.nike.com/t/sb-chron-solarsoft-skate-shoe-MNPbSl/CD6278-015
66,Nike SB Heritage Vulc, CD5010-003,Lifestyle,"['M 4 / W 5.5', 'M 4.5 / W 6', 'M 5 / W 6.5', 'M 5.5 / W 7', 'M 6 / W 7.5', 'M 6.5 / W 8', 'M 7 / W 8.5', 'M 7.5 / W 9', 'M 8 / W 9.5', 'M 8.5 / W 10', 'M 9 / W 10.5', 'M 9.5 / W 11', 'M 10 / W 11.5', 'M 10.5 / W 12', 'M 11 / W 12.5', 'M 11.5 / W 13', 'M 12 / W 13.5', 'M 13 / W 14.5', 'M 14 / W 15.5', 'M 15 / W 16.5']","Built from suede and canvas, the Nike SB Heritage Vulc pays homage to classic skate shoes. The modern design combines foam cushioning and flexible rubber for performance you can count on.", Black/Black/White/White,Available,4 Stars,"https://static.nike.com/a/images/t_PDP_1280_v1/f_auto,q_auto:eco/b936aba8-819b-4d7a-a66a-195c15d5d24c/sb-heritage-vulc-skate-shoe-JH6qWt.png",$70,https://www.nike.com/t/sb-heritage-vulc-skate-shoe-JH6qWt/CD5010-003
67,Nike SB Bruin React, CJ1661-003,Lifestyle,"['M 4 / W 5.5', 'M 4.5 / W 6', 'M 5 / W 6.5', 'M 5.5 / W 7', 'M 6 / W 7.5', 'M 6.5 / W 8', 'M 7 / W 8.5', 'M 7.5 / W 9', 'M 8 / W 9.5', 'M 8.5 / W 10', 'M 9 / W 10.5', 'M 9.5 / W 11', 'M 10 / W 11.5', 'M 10.5 / W 12', 'M 11 / W 12.5', 'M 11.5 / W 13', 'M 12 / W 13.5', 'M 13 / W 14.5', 'M 14 / W 15.5']","Want a lightweight, flexible shoe you can ride in all day? Us, too. That's why we built the Nike SB Bruin React. It's a durable low-top with springy, responsive Nike React foam—all in a skate-right design.", Photon Dust/Photon Dust/Smoke Grey/Canyon Rust,Available,4.5 Stars,"https://static.nike.com/a/images/t_PDP_1280_v1/f_auto,q_auto:eco/b7b72bf7-13a7-4e75-8bb5-c113fa53695c/sb-bruin-react-skate-shoe-phlCDx.png",$100,https://www.nike.com/t/sb-bruin-react-skate-shoe-phlCDx/CJ1661-003
68,Nike Court Legacy Canvas, CW6539-001,Lifestyle,"['6', '6.5', '7', '7.5', '8', '8.5', '9', '9.5', '10', '10.5', '11', '11.5', '12', '12.5', '13', '14', '15']","Honoring its history in tennis culture, the Nike Court Legacy Canvas reinvents a classic with its modern, street-worthy design. Made with durable canvas and featuring heritage details, the style nods to those that inspired us all to carry sport and fashion beyond the boundary.", College Grey/Black/White,Available,2 Stars,"https://static.nike.com/a/images/t_PDP_1280_v1/f_auto,q_auto:eco/5111abe3-b98b-4698-8050-07117f00c534/court-legacy-canvas-mens-shoe-0m3bG0.png",$60,https://www.nike.com/t/court-legacy-canvas-mens-shoe-0m3bG0/CW6539-001
69,Nike Court Legacy, CU4150-104,Lifestyle,"['8', '8.5', '9', '9.5', '10', '10.5', '11', '11.5', '12', '12.5', '13', '14']","Honoring a history in tennis culture, the Nike Court Legacy blends classic style with a modern, street-worthy design. Crisp leather and intricate needlework add to your courtside vibe.", White/Gum Light Brown/Cerulean,Available,4.5 Stars,"https://static.nike.com/a/images/t_PDP_1280_v1/f_auto,q_auto:eco/a7f1c1c2-800e-481f-b3dc-589842f6404c/court-legacy-mens-shoe-Lswv5z.png",$60,https://www.nike.com/t/court-legacy-mens-shoe-Lswv5z/CU4150-104
70,Nike Cortez Basic, 819719-103,Lifestyle,"['M 6 / W 7.5', 'M 6.5 / W 8', 'M 7 / W 8.5', 'M 7.5 / W 9', 'M 8 / W 9.5', 'M 8.5 / W 10', 'M 9 / W 10.5', 'M 9.5 / W 11', 'M 10 / W 11.5', 'M 10.5 / W 12', 'M 11 / W 12.5', 'M 11.5 / W 13', 'M 12 / W 13.5', 'M 12.5 / W 14', 'M 13 / W 14.5', 'M 14 / W 15.5', 'M 15 / W 16.5']","The Nike Cortez Basic is inspired by the 1972 original. Although it has gone through many incarnations, this version features leather in the upper for a return to the style icon's roots.", White/Varsity Royal/Varsity Red,Available,4.7 Stars,"https://static.nike.com/a/images/t_PDP_1280_v1/f_auto,q_auto:eco/j5hgnmhkccqvdwaumtej/cortez-basic-shoe-345sdw.png",$75,https://www.nike.com/t/cortez-basic-shoe-345sdw/819719-103
71,Nike Court Royale 2 Low, CQ9246-101,Lifestyle,"['6', '6.5', '7', '7.5', '8', '8.5', '9', '9.5', '10', '10.5', '11', '11.5', '12', '12.5', '13', '14', '15']","A flash from the past, the Nike Court Royale 2 features the same design that has rocked the streets since the late-'70s. Leather on the upper looks crisp and is easy to wear, while the large retro Swoosh design adds throwback appeal. To top it off, the modernized herringbone sole puts a twist on the classic look.", White/White/White,Available,3.5 Stars,"https://static.nike.com/a/images/t_PDP_1280_v1/f_auto,q_auto:eco/d25be040-3aee-41ee-86cb-cfdb61ed0166/court-royale-2-low-mens-shoe-nTnf5F.png",$55,https://www.nike.com/t/court-royale-2-low-mens-shoe-nTnf5F/CQ9246-101
72,Nike AF 1/1, DC9895-100,Lifestyle,"['6', '6.5', '7', '7.5', '8', '8.5', '9', '9.5', '10', '10.5', '11', '11.5', '12', '12.5', '13', '14', '15']","The radiance lives on in the Nike AF 1/1, the b-ball OG that puts a tailored spin on what you know best: crisp synthetic leather, bold colors and the perfect amount of flash to make you shine. The new, customizable design features a hook-and-loop upper with removable overlays, so you can change up your look to match the day.", White/Varsity Red/Black/White,Available,0 Stars,"https://static.nike.com/a/images/t_PDP_1280_v1/f_auto,q_auto:eco/7783ca38-e233-4330-8c33-814732ee7018/af-1-1-mens-shoe-LmKg8v.png",$140,https://www.nike.com/t/af-1-1-mens-shoe-LmKg8v/DC9895-100
73,Nike React Vision, CD4373-101,Lifestyle,"['6', '6.5', '7', '7.5', '8', '8.5', '9', '9.5', '10', '10.5', '11', '11.5', '12', '12.5', '13', '14', '15']","The Nike React Vision is a story of surreal comfort. Layered textures, shapes and vivid colors combine in a design influenced by the exaggerated world of our dreams, while React foam and an ultraplush tongue provide surreal comfort.", White/White/Light Smoke Grey/Light Smoke Grey,Available,4.8 Stars,"https://static.nike.com/a/images/t_PDP_1280_v1/f_auto,q_auto:eco/ac5fccb3-b601-44f6-98b0-7e9b6fe9bb1f/react-vision-mens-shoe-k3L6kP.png",$140,https://www.nike.com/t/react-vision-mens-shoe-k3L6kP/CD4373-101
74,Nike Canyon, CW9704-301,Lifestyle,"['6', '7', '8', '9', '10', '11', '12', '13', '14', '15', '16', '17', '18']","Your journey starts with the Nike Canyon Sandal. This rugged hiker is ready to explore. The ACG-inspired design features a beefy outsole, plush foam midsole, and triple-strap closure. From cityscapes to the river banks, this versatile powerhouse will keep you steady on your feet and comfortable tackling whatever lies ahead. Enjoy your time away. You’ve earned it.", Cargo Khaki/Bright Citron/Black/Signal Blue,Available,4.2 Stars,"https://static.nike.com/a/images/t_PDP_1280_v1/f_auto,q_auto:eco/941bba6c-cad3-4567-8cfb-fcf86f7a2db4/canyon-mens-sandal-Rg7k94.png",$75,https://www.nike.com/t/canyon-mens-sandal-Rg7k94/CW9704-301
75,Nike Air Max 90, DD0383-100,Lifestyle,"['6', '6.5', '7', '7.5', '8', '8.5', '9', '9.5', '10', '10.5', '11', '11.5', '12', '12.5', '13', '14', '15']","Nothing as fly, nothing as comfortable, nothing as proven—the Nike Air Max 90 stays true to its OG roots with the iconic Waffle outsole, stitched overlays and classic TPU accents. Recycled felt on the upper, Nike Grind rubber and a screen printed Swoosh design add rich texture and bring a fashion-forward look to classic running DNA. This product is made with at least 20% recycled content by weight.", White/Bright Crimson/Photon Dust,Sustainable Materials,5 Stars,"https://static.nike.com/a/images/t_PDP_1280_v1/f_auto,q_auto:eco/793ceade-20ff-480d-8129-fa6b4c82c1a5/air-max-90-mens-shoe-z52Tt3.png",$130,https://www.nike.com/t/air-max-90-mens-shoe-z52Tt3/DD0383-100
76,Nike Air Max Plus, DA9326-100,Lifestyle,"['6', '6.5', '7', '7.5', '8', '8.5', '9', '9.5', '10', '10.5', '11', '11.5', '12', '12.5', '13', '14', '15']","Let your attitude have the edge in your Nike Air Max Plus, a tuned air experience that offers premium stability and unbelievable cushioning. Updating the tried and true original from '98, it now features some recycled fabrics on the upper, accents of zigzag stitching and embroidered fingers that nod the original's TPU design lines. This product is made from at least 20% recycled material by weight.", White/Bright Crimson/Photon Dust,Sustainable Materials,4.7 Stars,"https://static.nike.com/a/images/t_PDP_1280_v1/f_auto,q_auto:eco/8726ad93-5c0b-4bfa-9f68-e86e5539a513/air-max-plus-mens-shoe-61vw15.png",$170,https://www.nike.com/t/air-max-plus-mens-shoe-61vw15/DA9326-100
77,Nike Challenger OG, DD1108-300,Lifestyle,"['3.5', '4', '4.5', '5', '5.5', '6', '6.5', '7', '7.5', '8', '8.5', '9', '9.5', '10', '10.5', '11', '11.5', '12', '12.5', '13', '14', '15']","A near 1-to-1 remake of the OG running shoe that offered runners a distinct look in the late '70s, the Nike Challenger OG now marries heavy-duty canvas with durable Nike Grind rubber. Plush padding around the ankle combines with its sleek, springy midsole to make it the comfy trendsetter. This product is made from at least 20% recycled content by weight.", Mean Green/Sail/White/Black,Sustainable Materials,0 Stars,"https://static.nike.com/a/images/t_PDP_1280_v1/f_auto,q_auto:eco/f5b751d4-183f-44e8-a139-aa7ca08175f0/challenger-og-mens-shoe-ZdHWxS.png",$90,https://www.nike.com/t/challenger-og-mens-shoe-ZdHWxS/DD1108-300
78,Air Jordan 1 Centre Court, DJ2756-101,Lifestyle,"['M 8 / W 9.5', 'M 8.5 / W 10', 'M 9 / W 10.5', 'M 9.5 / W 11', 'M 10 / W 11.5', 'M 10.5 / W 12', 'M 11 / W 12.5', 'M 11.5 / W 13', 'M 12 / W 13.5', 'M 13 / W 14.5', 'M 14 / W 15.5']","The Air Jordan 1 Centre Court puts a sophisticated spin on one of sneaker history's most iconic designs. It's made with full-grain leather and suede in the upper, plus a double layer of cushioning under the heel. An exploded Wings logo stitched down along the back of the shoe adds distinction.", White/Sail/University Red,Available,4.7 Stars,"https://static.nike.com/a/images/t_PDP_1280_v1/f_auto,q_auto:eco/1ca1ba30-af16-4cf1-98b5-f0f086410511/air-jordan-1-centre-court-shoe-54L4sP.png",$135,https://www.nike.com/t/air-jordan-1-centre-court-shoe-54L4sP/DJ2756-101
79,Nike Air Monarch IV, 415445-002,Lifestyle,"['M 6 / W 7.5', 'M 6.5 / W 8', 'M 7 / W 8.5', 'M 7.5 / W 9', 'M 8 / W 9.5', 'M 8.5 / W 10', 'M 9 / W 10.5', 'M 9.5 / W 11', 'M 10 / W 11.5', 'M 10.5 / W 12', 'M 11 / W 12.5', 'M 11.5 / W 13', 'M 12 / W 13.5', 'M 12.5 / W 14', 'M 13 / W 14.5', 'M 14 / W 15.5', 'M 15 / W 16.5']",Nike Air Monarch IV sets you up for working out with durable leather on top for support. Lightweight foam teams up with Nike Air cushioning for comfort in every stride., Black/White/Black,Available,4.6 Stars,"https://static.nike.com/a/images/t_PDP_1280_v1/f_auto,q_auto:eco/qmmwhyelq5qegzvh8qu4/air-monarch-iv-mens-training-shoe-lPtRrS.png",$70,https://www.nike.com/t/air-monarch-iv-mens-training-shoe-lPtRrS/415445-002
80,Nike Victori One, CN9675-002,Lifestyle,"['6', '7', '8', '9', '10', '11', '12', '13', '14', '15', '16', '17', '18']","From the beach to the bleachers, the Nike Victori One perfects a classic, must have design. Delivering lightweight comfort that’s easy to wear, it's updated with softer, more responsive foam. The contoured grip pattern helps cradle and hold your foot in place while the new padded strap feels as good as it looks.", Black/Black/White,Available,4.6 Stars,"https://static.nike.com/a/images/t_PDP_1280_v1/f_auto,q_auto:eco/77874acd-bf25-4037-bf21-9b442d1b28eb/victori-one-mens-slide-Wf3qJv.png",$30,https://www.nike.com/t/victori-one-mens-slide-Wf3qJv/CN9675-002
81,Nike Victori One, CN9678-402,Lifestyle,"['6', '7', '8', '9', '10', '11', '12', '13', '14', '15', '16', '17', '18']","From the beach to the bleachers, the Nike Victori One perfects a classic, must-have design. Delivering lightweight comfort that's easy to wear, it features new, softer foam that feels comfortable while the contoured footbed with grip pattern helps cradle and hold your foot in place. The wide, padded strap feels as good as it looks.", Game Royal/Summit White/University Red,Available,4.7 Stars,"https://static.nike.com/a/images/t_PDP_1280_v1/f_auto,q_auto:eco/5207a3c6-16a8-4101-b7c9-26fd2aeeba44/victori-one-mens-printed-slide-bDnqZM.png",$35,https://www.nike.com/t/victori-one-mens-printed-slide-bDnqZM/CN9678-402
82,Nike Victori One, CZ5478-001,Lifestyle,"['6', '7', '8', '9', '10', '11', '12', '13', '14', '15', '16', '17', '18']","You've played hard. You've sweated. You've given your all. Now there's just one last thing—you have to hit the showers. Don't worry, we got your back with the Nike Victori One. Its 1-piece foam design feels soft and comfortable while traction patterns on the sole help with wet surfaces. They dry quickly too, so no one will know you've just stepped from the showers as you slide up to the party.", Black/Black/White,Available,4.8 Stars,"https://static.nike.com/a/images/t_PDP_1280_v1/f_auto,q_auto:eco/c382b2ba-ca29-4527-a2d2-f4e90f87d7bc/victori-one-mens-shower-slide-ZD82Jn.png",$25,https://www.nike.com/t/victori-one-mens-shower-slide-ZD82Jn/CZ5478-001
83,Nike Air Max 90 By You, CT3621-991,Lifestyle,"['6', '6.5', '7', '7.5', '8', '8.5', '9', '9.5', '10', '10.5', '11', '11.5', '12', '12.5', '13', '14', '15']","First a legend on the track and then a legend in the streets, the Nike Air Max 90 By You brings the comfort of Air to the masses. Now you can remake the classic with an all-new color palette, outsole options and room for a personal message.", Multi-Color/Multi-Color,Customize,N/A,"https://static.nike.com/a/images/t_PDP_1280_v1/f_auto,q_auto:eco/ddf162c8-ddad-44c5-b570-168b8030b737/custom-nike-air-max-90-by-you-shoe.png",$140,https://www.nike.com/u/custom-nike-air-max-90-by-you-shoe-10000798/8321818162
84,Nike Waffle One By You, DJ0966-991,Lifestyle,"['6', '6.5', '7', '7.5', '8', '8.5', '9', '9.5', '10', '10.5', '11', '11.5', '12', '12.5', '13', '14', '15']","Simple, low, a perfect canvas for your dreams. The Nike Waffle One By You is the original racer. Go for a hyper-heritage look or modernize with colors and details inspired by long days at the beach. OG materials and colors straight from the vault blend seamlessly with innovative materials and finishes for a look that’s 100% you.", Multi-Color/Multi-Color/Multi-Color/Multi-Color,Customize,N/A,"https://static.nike.com/a/images/t_PDP_1280_v1/f_auto,q_auto:eco/86e60c34-c0fb-4562-a1ac-df331a8617cf/custom-nike-waffle-one-by-you.png",$130,https://www.nike.com/u/custom-nike-waffle-one-by-you-10001058/3851941495
85,Nike Air Force 1 '07 LX, CV1725-001,Lifestyle,"['6', '6.5', '7', '7.5', '8', '8.5', '9', '9.5', '10', '10.5', '11', '11.5', '12', '12.5', '13', '14', '15', '16', '17', '18']","The radiance lives on in the Nike Air Force 1 ’07 LX, the basketball icon that puts a recycled spin on what you know best: stitched overlays, bold colors and the perfect amount of flash to make you shine. Made in part with recycled materials, the upper mimics the rich texture of corduroy while accents of bright embroidery electrify the all-over camo pattern. This product is made from at least 20% recycled materials by weight.", Light Smoke Grey/Electric Green/Light Bone/Smoke Grey,Sustainable Materials,4.5 Stars,"https://static.nike.com/a/images/t_PDP_1280_v1/f_auto,q_auto:eco/c14e4347-7e44-49c1-a112-12ce0a75f37d/air-force-1-07-lx-mens-shoe-mshq6H.png",$120,https://www.nike.com/t/air-force-1-07-lx-mens-shoe-mshq6H/CV1725-001
86,Nike Air Max 97, DD9534-100,Lifestyle,"['3.5', '4', '4.5', '5', '5.5', '6', '6.5', '7', '7.5', '8', '8.5', '9', '9.5', '10', '10.5', '11', '11.5', '12', '12.5', '13', '14', '15']","Featuring the same ripple design of the OG, the Nike Air Max 97 lets you push your style to the next level. Taking the revolutionary full-length Max Air unit that shook up the running world and adding fresh color accents and crisp details, it lets you ride in first-class comfort. The original design was inspired by bullet trains, so pack your bags—this one sets you up for your next world tour.", White/Black/Light Liquid Lime/Fireberry,Available,5 Stars,"https://static.nike.com/a/images/t_PDP_1280_v1/f_auto,q_auto:eco/e2cf5c23-def0-49c0-9022-a131625bf9a5/air-max-97-mens-shoe-blFWpb.png",$170,https://www.nike.com/t/air-max-97-mens-shoe-blFWpb/DD9534-100
87,NikeCourt Royale AC, BQ4222-002,Lifestyle,"['6', '6.5', '7', '7.5', '8', '8.5', '9', '9.5', '10', '10.5', '11', '11.5', '12', '12.5', '13', '14', '15']","Reaching way back into the archives for inspiration, the NikeCourt Royale AC sets you up with a retro tennis style from back in the day when the shorts were tiny, the hair was big and the socks were worn high.", Black/White,Available,5 Stars,"https://static.nike.com/a/images/t_PDP_1280_v1/f_auto,q_auto:eco/ppstyc7g86f5s1dqkdem/nikecourt-royale-ac-mens-shoe-5GLZBV.png",$43.97,https://www.nike.com/t/nikecourt-royale-ac-mens-shoe-5GLZBV/BQ4222-002
88,Nike Rhyodomo GORE-TEX, CQ0186-001,Lifestyle,"['6', '6.5', '7', '7.5', '8', '8.5', '9', '9.5', '10', '10.5', '11', '11.5', '12', '12.5', '13', '14', '15']","Day in and day out, from city streets to snow-covered parks, the Nike Rhyodomo GORE-TEX lives to move. Forged from heavy-duty leather coated in a water repellent GORE-TEX finish and featuring large lugs for traction, it merges everyday utility with style. The thick, padded collar and ventilated sides add to the comfort while rounded laces and metal clasps top off your look.", Black/Gum Light Brown/Kumquat/Anthracite,Available,4 Stars,"https://static.nike.com/a/images/t_PDP_1280_v1/f_auto,q_auto:eco/e935e2c8-a5a2-4c6f-b431-8a6c28585d27/rhyodomo-gore-tex-mens-shoe-BfLQPq.png",$170,https://www.nike.com/t/rhyodomo-gore-tex-mens-shoe-BfLQPq/CQ0186-001
89,Nike Air Max 2090, CV8835-400,Lifestyle,"['6', '6.5', '7', '7.5', '8', '8.5', '9', '9.5', '10', '10.5', '11', '11.5', '12', '12.5', '13', '14', '15', '16', '17', '18']","Bring the past into the future with the Nike Air Max 2090, a bold look inspired by the DNA of the iconic Air Max 90. Innovative Nike Air cushioning underfoot adds unparalleled comfort while transparent knit and vibrantly colored textiles on the upper blend with timeless features for an edgy, modernized look.", Hyper Blue/White/Tour Yellow/Black,Available,5 Stars,"https://static.nike.com/a/images/t_PDP_1280_v1/f_auto,q_auto:eco/e4d8461f-3ae0-4c63-976e-b07a192ecd6e/air-max-2090-mens-shoe-3pVM46.png",$120.97,https://www.nike.com/t/air-max-2090-mens-shoe-3pVM46/CV8835-400
90,Nike Air Force 1/1 Unlocked By You, DC6730-991,Lifestyle,"['M 3.5 / W 5', 'M 4 / W 5.5', 'M 4.5 / W 6', 'M 5 / W 6.5', 'M 5.5 / W 7', 'M 6 / W 7.5', 'M 6.5 / W 8', 'M 7 / W 8.5', 'M 7.5 / W 9', 'M 8 / W 9.5', 'M 8.5 / W 10', 'M 9 / W 10.5', 'M 9.5 / W 11', 'M 10 / W 11.5', 'M 10.5 / W 12', 'M 11 / W 12.5', 'M 11.5 / W 13', 'M 12 / W 13.5', 'M 12.5 / W 14', 'M 13 / W 14.5', 'M 14 / W 15.5', 'M 15 / W 16.5', 'M 16 / W 17.5', 'M 17 / W 18.5', 'M 18 / W 19.5']","The Nike Air Force 1/1 Unlocked By You is a custom shoe like you’ve never seen before. Become a sneaker surgeon with a hook-and-loop base that lets you build and rebuild your shoes to match your aesthetic. Leather, suede, and ripstop layers give you an infinite range of possibilities for customizing this classic, while a high-top “add-on” lets you decide if it’s a high or low kind of day. Want a more upscale take on the AF1? Choose jewel Swoosh foxing for subtle, elegant branding. The looks are yours to create, change and evolve.", Multi-Color/Multi-Color/Multi-Color/Multi-Color,Customize,N/A,"https://static.nike.com/a/images/t_PDP_1280_v1/f_auto,q_auto:eco/f16988f7-c78e-41ac-9078-d4e3029eb80c/custom-nike-air-force-1-of-1-unlocked-by-you.png",$180,https://www.nike.com/u/custom-nike-air-force-1-of-1-unlocked-by-you-10001047/5351843208
91,Jordan LS, CZ0791-001,Lifestyle,"['7', '8', '9', '10', '11', '12', '13', '14', '15', '16', '17', '18']","Fresh and functional, the Jordan LS Slide offers step-in comfort. It has an adjustable fold-over strap built on a Solarsoft foam footbed, plus a removable heel strap to personalize your fit. A removable stash pocket ups the utility.", Smoke Grey/Black/White/University Red,Available,0 Stars,"https://static.nike.com/a/images/t_PDP_1280_v1/f_auto,q_auto:eco/3aca9fa0-5fd6-4ffc-8450-fe12fc752af0/jordan-ls-slide-0qMPSL.png",$80,https://www.nike.com/t/jordan-ls-slide-0qMPSL/CZ0791-001
92,Jordan Delta 2, CV8121-002,Lifestyle,N/A,"The Jordan Delta 2 offers a fresh, fearless take on the features you want: durability, comfort and an attitude that's Jordan to the core. We updated design lines and swapped out some components, but the idea is the same as the first Delta. The 2 still has that clashing combination of supportive and space age-like materials, with lots of different textures and heavy stitching to create a look that's both adventurous and iconic.", Platinum Tint/White/Particle Grey/Dark Smoke Grey,Coming Soon,N/A,"https://static.nike.com/a/images/t_PDP_1280_v1/f_auto,q_auto:eco/9fdacb9a-4fe0-455b-b570-93616709382a/jordan-delta-2-shoe-0zS4N1.png",$130,https://www.nike.com/t/jordan-delta-2-shoe-0zS4N1/CV8121-002
93,Jordan 6 Rings, 322992-060,Lifestyle,"['7', '7.5', '8', '8.5', '9', '9.5', '10', '10.5', '11', '11.5', '12', '12.5', '13', '14', '15', '16', '17', '18']","Celebrate the legendary career of ""His Airness"" with the Jordan 6 Rings. Incorporating key features of each shoe worn during the championship series, it has premium details and lightweight, low-profile Zoom Air cushioning that delivers a responsive feel underfoot.", Black/Gym Red/White,Available,4.8 Stars,"https://static.nike.com/a/images/t_PDP_1280_v1/f_auto,q_auto:eco/25337f4b-e5fa-4a47-9ff9-5d7859f66057/jordan-6-rings-shoe-2VAD3Y.png",$170,https://www.nike.com/t/jordan-6-rings-shoe-2VAD3Y/322992-060
94,Converse Custom Chuck Taylor All Star Low Top, CU1724-960,Lifestyle,"['3', '3.5', '4', '4.5', '5', '5.5', '6', '6.5', '7', '7.5', '8', '8.5', '9', '9.5', '10', '10.5', '11', '11.5', '12', '13', '14', '15', '16', '17']","The iconic Chuck Taylor All Star has been empowering fans to express their individuality for generations. Now you can make them truly your own with a range of customization options, from exclusive colors, a personal iD and midsole printing.", Multi-Color/Multi-Color,Customize,N/A,"https://static.nike.com/a/images/t_PDP_1280_v1/f_auto,q_auto:eco/el0optxcfqli0u2ouwgy/custom-converse-chuck-taylor-all-star-low-top.png",$75,https://www.nike.com/u/custom-converse-chuck-taylor-all-star-low-top-10000382/236348591
95,Nike Air Max 97 By You, DJ3181-991,Lifestyle,N/A,"Bring back the nostalgia of long summer days from your childhood with a hot color palette and a wavy mesh that alludes to the mesmerizing optical illusion of heat rising off the blacktop. Classic layers get a new level of appeal with material choices, pop colors and metallic silver that hearkens back to the real OG: Nike Air Max 97 By You.", Multi-Color/Multi-Color/Multi-Color/Multi-Color,Coming Soon,N/A,"https://static.nike.com/a/images/t_PDP_1280_v1/f_auto,q_auto:eco/3cb59329-7fec-4de6-8b45-6929ba7de0c6/custom-nike-air-force-97-by-you.png",$190,https://www.nike.com/u/custom-nike-air-force-97-by-you-10001072/8644817897
96,Nike Air Max 90 Unlocked By You, DO6665-991,Lifestyle,"['6', '6.5', '7', '7.5', '8', '8.5', '9', '9.5', '10', '10.5', '11', '11.5']",The Nike Air Max 90 Unlocked by You brings all the elements of the classic together in a seamless design experience that gives you control of every carefully crafted detail. Performance and sophistication combine for a luxurious ride., Multi-Color/Multi-Color/Multi-Color/Multi-Color,Just In,N/A,"https://static.nike.com/a/images/t_PDP_1280_v1/f_auto,q_auto:eco/0ba70da5-c49f-44cd-8ddf-1b885f447510/custom-nike-air-max-90-unlocked-by-you.png",$150,https://www.nike.com/u/custom-nike-air-max-90-unlocked-by-you-10001062/8563103180
97,Nike Air Max 1 By You, CN9671-991,Lifestyle,"['6', '6.5', '7', '7.5', '8', '8.5', '9', '9.5', '10', '10.5', '11', '11.5', '12', '12.5', '13', '14', '15']","The Nike Air Max 1 refreshes the sneaker legend that’s reigned supreme since ’87. The layered upper provides the perfect canvas for experimenting with an all-new color palette. Add that to the variety of outsole options and personalized messaging and you’ll be able to mix, match, and mingle until you’ve created a look that’s your magnum opus.", Multi-Color/Multi-Color/Multi-Color,Customize,N/A,"https://static.nike.com/a/images/t_PDP_1280_v1/f_auto,q_auto:eco/ff5c7e42-7213-45e7-a299-352bb5e423fe/custom-nike-air-max-1-by-you-shoe.png",$130,https://www.nike.com/u/custom-nike-air-max-1-by-you-shoe-10000776/221339689
98,Nike Asuna, CW9703-009,Lifestyle,"['7', '8', '9', '10', '11', '12', '13', '14']","The Nike Asuna Sandal lets you transition effortlessly between worlds with its versatile style and comfort. Soft foam underfoot feels good all day and the rugged tread pattern grips the sand, sidewalks and trails you explore.", Desert Sand/White/Black,Available,4.7 Stars,"https://static.nike.com/a/images/t_PDP_1280_v1/f_auto,q_auto:eco/72ecdcde-6739-466f-8a9c-e2c44d754454/asuna-mens-slide-KmrL4c.png",$45,https://www.nike.com/t/asuna-mens-slide-KmrL4c/CW9703-009
99,Nike Air Max 90 Premium, DA1641-400,Lifestyle,"['3.5', '4', '4.5', '5', '5.5', '6', '6.5', '7', '7.5', '8', '8.5', '9', '9.5', '10', '10.5', '11', '11.5', '12', '12.5', '13', '14', '15']","Nothing as fly, nothing as comfortable, nothing as proven—the Nike Air Max 90 Premium stays true to its roots with the iconic Waffle outsole, stitched overlays and classic TPU accents. Fresh colors give a modern look while Max Air cushioning adds comfort to your journey.", Obsidian/Midnight Navy/Thunder Blue/Summit White,Available,5 Stars,"https://static.nike.com/a/images/t_PDP_1280_v1/f_auto,q_auto:eco/f2e60695-aa4a-46e9-9fe9-f6dfff3ff4b5/air-max-90-premium-mens-shoe-lbsvN9.png",$140,https://www.nike.com/t/air-max-90-premium-mens-shoe-lbsvN9/DA1641-400
100,"Nike SFB Field 2 8"" GORE-TEX®", AQ1199-001,Lifestyle,"['6', '6.5', '7', '7.5', '8', '8.5', '9', '9.5', '10', '10.5', '11', '11.5', '12', '12.5', '13', '14', '15']","Made with waterproof fabric and durable leather, the Nike SFB Field 2 8"" GORE-TEX® is a lightweight yet high-performance boot designed to support heavier loads in all theaters. The sole is equipped with an aggressive tread pattern that provides exceptional traction over challenging terrain, while an internal rock shield helps prevent punctures.", Black/Black,Available,4.8 Stars,"https://static.nike.com/a/images/t_PDP_1280_v1/f_auto,q_auto:eco/13554aa0-f411-4c7e-8cc1-3aa855eb74f3/sfb-field-2-8-gore-tex-tactical-boot-hk7SJs.png",$190,https://www.nike.com/t/sfb-field-2-8-gore-tex-tactical-boot-hk7SJs/AQ1199-001
101,Nike Air Force 1, DA0418-001,Lifestyle,"['6', '6.5', '7', '7.5', '8', '8.5', '9', '9.5', '10', '10.5', '11', '11.5', '12', '12.5', '13', '14', '15', '16', '17', '18']","With an iconic design, the Nike Air Force 1 Boot bridges indoor hoops style with the rugged outdoors. The large lugs on the rubber outsole add durable traction while the removable silicone ankle strap lets you personalize your style. The padded, high-cut collar adds heritage court comfort and features a tough webbing pull strap for a finishing touch.", Black/Anthracite/Black,Available,5 Stars,"https://static.nike.com/a/images/t_PDP_1280_v1/f_auto,q_auto:eco/4738528b-070a-419e-81ce-2bee0ea6c4f7/air-force-1-mens-boot-rDmRsD.png",$130.97,https://www.nike.com/t/air-force-1-mens-boot-rDmRsD/DA0418-001
102,Nike Air Zoom-Type By You, DA7562-991,Lifestyle,"['6', '6.5', '7', '7.5', '8', '8.5', '9', '9.5', '10', '10.5', '11', '11.5', '12', '12.5', '13', '14', '15']","The Nike Air Zoom-Type By You celebrates Nike innovation with your own personal twist. Its stacked foam heel and recycled knit upper mix conscience with comfort. Featuring the same tech worn by athletes underfoot, extra padding around the ankle and accents of decorative stitching, it's made to showcase your dreams.", Multi-Color/Multi-Color/Multi-Color,Customize,N/A,"https://static.nike.com/a/images/t_PDP_1280_v1/f_auto,q_auto:eco/511a3ebc-069b-49c2-bd61-c6ad0ad52759/custom-air-zoom-type-by-you.png",$170,https://www.nike.com/u/custom-air-zoom-type-by-you-10000941/2270389409
103,Nike Tanjun, 812654-101,Lifestyle,"['6', '6.5', '7', '7.5', '8', '8.5', '9', '9.5', '10', '10.5', '11', '11.5', '12', '12.5', '13', '14', '15']","""Tanjun"" means ""simplicity"" in Japanese, and the Nike Tanjun Shoe is simplicity at its best. It has a modern look and design is convenient and comfortable, while a sleek upper gives a clean look and fit.", White/Black,Available,4.6 Stars,"https://static.nike.com/a/images/t_PDP_1280_v1/f_auto,q_auto:eco/ycxzqylij0pahuk09gd1/tanjun-mens-shoe-w8ToA8jr.png",$65,https://www.nike.com/t/tanjun-mens-shoe-w8ToA8jr/812654-101
104,Nike Sky Force 3/4, CU5312-001,Lifestyle,"['3.5', '4', '4.5', '5', '5.5', '6', '6.5', '7', '7.5', '8', '8.5', '9', '9.5', '10', '10.5', '11', '11.5', '12', '12.5', '13', '14', '15']","Straight from the 80's, the Nike Sky Force 3/4 delivers classic b-ball looks with its crisp overlays, translucent sole and bold color accents. The throwback Swoosh logo and retro tongue label add a simple touch while Air cushioning puts the sky beneath your feet.", Black/Gum Light Brown/Flash Crimson,Available,5 Stars,"https://static.nike.com/a/images/t_PDP_1280_v1/f_auto,q_auto:eco/da1b1458-522f-418b-8f0e-1e543cfc19aa/sky-force-3-4-mens-shoe-qPVtxn.png",$62.97,https://www.nike.com/t/sky-force-3-4-mens-shoe-qPVtxn/CU5312-001
105,Nike Killshot OG SP, CU9180-101,Lifestyle,"['M 3.5 / W 5', 'M 4 / W 5.5', 'M 4.5 / W 6', 'M 5 / W 6.5', 'M 5.5 / W 7', 'M 6 / W 7.5', 'M 6.5 / W 8', 'M 7 / W 8.5', 'M 7.5 / W 9', 'M 8 / W 9.5', 'M 8.5 / W 10', 'M 9 / W 10.5', 'M 9.5 / W 11', 'M 10 / W 11.5', 'M 10.5 / W 12', 'M 11 / W 12.5', 'M 11.5 / W 13', 'M 12 / W 13.5', 'M 12.5 / W 14', 'M 13 / W 14.5', 'M 14 / W 15.5', 'M 15 / W 16.5']","The original low-profile tennis shoe returns with the Nike Killshot OG SP. This 1-to-1 retro highlights a variety of throwback materials, like an upper combining layers of open mesh, foam, soft suede overlays. The open foam tongue and heritage sole add court-side attitude while the super plush foam insole keeps it comfortable.", Sail/Gym Red,Available,4.7 Stars,"https://static.nike.com/a/images/t_PDP_1280_v1/f_auto,q_auto:eco/ec27b012-46af-438f-ae51-7575db382f51/killshot-og-sp-mens-shoe-t4btPQ.png",$46.97,https://www.nike.com/t/killshot-og-sp-mens-shoe-t4btPQ/CU9180-101
106,Nike Blazer Low ’77 Vintage By You, DO7395-991,Lifestyle,"['M 3.5 / W 5', 'M 4 / W 5.5', 'M 4.5 / W 6', 'M 5 / W 6.5', 'M 5.5 / W 7', 'M 6 / W 7.5', 'M 6.5 / W 8', 'M 7 / W 8.5', 'M 7.5 / W 9', 'M 8 / W 9.5', 'M 8.5 / W 10', 'M 9 / W 10.5', 'M 9.5 / W 11', 'M 10 / W 11.5', 'M 10.5 / W 12', 'M 11 / W 12.5', 'M 11.5 / W 13', 'M 12 / W 13.5', 'M 12.5 / W 14', 'M 13 / W 14.5', 'M 14 / W 15.5', 'M 15 / W 16.5']","The Nike Blazer Low ’77 Vintage By You gets a heritage makeover with innovative corduroy material that you can cut, rip or let wear naturally to reveal a wavy, tapestry-like fabric underneath with a character all its own. Open mesh, classic leather and luscious suede in 13 colors let you switch up your textures and palette. 3 different Swoosh options, including a wraparound version, let you pick your commitment to heritage vibes or 1-of-a-kind style.", Multi-Color/Multi-Color/Multi-Color/Multi-Color,Customize,N/A,"https://static.nike.com/a/images/t_PDP_1280_v1/f_auto,q_auto:eco/d3d92b6b-2a55-4cd6-a982-822d512c77a4/custom-nike-blazer-low-77-vintage-by-you.png",$105,https://www.nike.com/u/custom-nike-blazer-low-77-vintage-by-you-10001052/8128208277
107,Nike Air Max 1, CT1643-100,Lifestyle,"['6', '6.5', '7', '7.5', '8', '8.5', '9', '9.5', '10', '10.5', '11', '11.5', '12', '12.5', '13', '14', '15']","The Nike Air Max 1 reboots the legendary design that has reigned supreme since 1987. Crossing street fashion with sport, it takes the same lightweight cushioning and classic silhouette of the OG and boldly reworks it with salvaged materials, fresh colors and exposed stitching.", White/Black/Electric Green/Game Royal,Available,4.3 Stars,"https://static.nike.com/a/images/t_PDP_1280_v1/f_auto,q_auto:eco/75b7368c-8873-4662-9f89-157bd2cfb97f/air-max-1-mens-shoe-JHnTbx.png",$140,https://www.nike.com/t/air-max-1-mens-shoe-JHnTbx/CT1643-100
108,Nike React Vision By You, CU8761-991,Lifestyle,"['6', '6.5', '7', '7.5', '8', '8.5', '9', '9.5', '10', '10.5', '11', '11.5', '12', '12.5', '13', '14', '15']","Inspired by the mythical creatures of Mexican folk art, the Nike React Vision By You serves up a palette of textures, graphics and materials that let you express your wild side. Choose from 3 different mesh options that provide a natural feel and allow your foot to breathe. Add surreal comfort with Nike React foam and a personal message on the heel clip for a shoe that could only come from the dream world.", Multi-Color/Multi-Color/Multi-Color,Customize,N/A,"https://static.nike.com/a/images/t_PDP_1280_v1/f_auto,q_auto:eco/4bc9ef8c-4979-48f5-a568-d55e6416435b/custom-nike-react-vision-by-you.png",$150,https://www.nike.com/u/custom-nike-react-vision-by-you-10000927/9291716228
109,Nike Sky Force 3/4, DC1703-100,Lifestyle,"['6', '6.5', '7', '7.5', '8', '8.5', '9', '9.5', '10', '10.5', '11', '11.5', '12', '12.5', '13', '14', '15']","Straight from the '80s, the Nike Sky Force 3/4 delivers classic b-ball looks with its crisp overlays, a white upper and a light gum brown outsole. The color duet complements one another perfectly to highlight this iconic design in a subtle manner.", White/Gum Light Brown/White/White,Available,5 Stars,"https://static.nike.com/a/images/t_PDP_1280_v1/f_auto,q_auto:eco/5b07d7da-1510-4c0b-8d20-f4080ad5f401/sky-force-3-4-mens-shoe-zfNXrf.png",$70.97,https://www.nike.com/t/sky-force-3-4-mens-shoe-zfNXrf/DC1703-100
110,Nike Air Max 270 React, CT1264-104,Lifestyle,"['6', '6.5', '7', '7.5', '8', '8.5', '9', '9.5', '10', '10.5', '11', '11.5', '12', '12.5', '13', '14', '15']","Nike's first lifestyle Air Max meets the softest, smoothest, most resilient foam yet in the Nike Air Max 270 React. The design draws inspiration from the Air Max pantheon, showcasing Nike's greatest innovation with its large window and fresh array of colors.", White/Midnight Navy/University Blue/White,Available,4.2 Stars,"https://static.nike.com/a/images/t_PDP_1280_v1/f_auto,q_auto:eco/56528437-4b6d-4183-8058-c3f3cd816f87/air-max-270-react-mens-shoe-zPRv3k.png",$108.97,https://www.nike.com/t/air-max-270-react-mens-shoe-zPRv3k/CT1264-104
111,Nike Air Max 97, DB4611-400,Lifestyle,"['6', '6.5', '7', '7.5', '8', '8.5', '9', '9.5', '10', '10.5', '11', '11.5', '12', '12.5', '13', '14', '15']","Featuring the same ripple design of the original inspired by Japanese bullet trains, the Nike Air Max 97 lets you push your style full-speed ahead. Taking the revolutionary full-length Nike Air unit that shook up the running world and adding fresh colors and crisp details, it lets you ride in first-class comfort.", Concord/University Gold/Black/Chile Red,Available,4.8 Stars,"https://static.nike.com/a/images/t_PDP_1280_v1/f_auto,q_auto:eco/8580f566-1519-4ab4-8061-41a983e675e4/air-max-97-mens-shoe-n41b55.png",$170,https://www.nike.com/t/air-max-97-mens-shoe-n41b55/DB4611-400
112,Converse Custom Chuck Taylor All Star High Top, CU1722-960,Lifestyle,"['3', '3.5', '4', '4.5', '5', '5.5', '6', '6.5', '7', '7.5', '8', '8.5', '9', '9.5', '10', '10.5', '11', '11.5', '12', '13', '14', '15', '16', '17']","The iconic Chuck Taylor All Star has been empowering fans to express their individuality for generations. Now you can make them truly your own with a range of customization options, from exclusive colors, a personal iD, midsole prints and embroidered letters on each foot.", Multi-Color/Multi-Color,Customize,N/A,"https://static.nike.com/a/images/t_PDP_1280_v1/f_auto,q_auto:eco/r8gmoxehs11fwhn1seje/custom-converse-chuck-taylor-all-star-high-top.png",$80,https://www.nike.com/u/custom-converse-chuck-taylor-all-star-high-top-10000381/745299583
113,Nike Air Max 200, AQ2568-003,Lifestyle,"['M 6 / W 7.5', 'M 6.5 / W 8', 'M 7 / W 8.5', 'M 7.5 / W 9', 'M 8 / W 9.5', 'M 8.5 / W 10', 'M 9 / W 10.5', 'M 9.5 / W 11', 'M 10 / W 11.5', 'M 10.5 / W 12', 'M 11 / W 12.5', 'M 11.5 / W 13', 'M 12 / W 13.5', 'M 12.5 / W 14', 'M 13 / W 14.5', 'M 14 / W 15.5', 'M 15 / W 16.5']","With exceptional cushioning and modern detailing, the Nike Air Max 200 radiates cool while providing extreme comfort. Its design is inspired by patterns of energy radiating from the earth—like the flow of lava and the ocean's rhythmic waves.", Black/Black,Available,4.6 Stars,"https://static.nike.com/a/images/t_PDP_1280_v1/f_auto,q_auto:eco/hgbpzfmbp3khk7m7nwji/air-max-200-shoe-29b3Dr.png",$81.97,https://www.nike.com/t/air-max-200-shoe-29b3Dr/AQ2568-003
114,Nike ACG Air Nasu GORE-TEX, CW6020-300,Lifestyle,"['M 3.5 / W 5', 'M 4 / W 5.5', 'M 4.5 / W 6', 'M 5 / W 6.5', 'M 5.5 / W 7', 'M 6 / W 7.5', 'M 6.5 / W 8', 'M 7 / W 8.5', 'M 7.5 / W 9', 'M 8 / W 9.5', 'M 8.5 / W 10', 'M 9 / W 10.5', 'M 9.5 / W 11', 'M 10 / W 11.5', 'M 10.5 / W 12', 'M 11 / W 12.5', 'M 11.5 / W 13', 'M 12 / W 13.5', 'M 12.5 / W 14', 'M 13 / W 14.5', 'M 14 / W 15.5', 'M 15 / W 16.5']","Your rugged favorite gets a waterproof upgrade. The Nike Air Nasu delivers with a durable build that provides support for the trail. It's got the same abrasion-resistant skins throughout the upper you love, now with GORE-TEX technology so you can tackle wet weather. A sticky rubber outsole is highlighted with lugs that give you traction for wet and rocky surfaces. It all comes together in a design that nods to the classic look of ACG footwear in the '90s.", Clay Green/Olive Aura,Available,2.4 Stars,"https://static.nike.com/a/images/t_PDP_1280_v1/f_auto,q_auto:eco/89467e4b-f74d-411b-9778-fb6c8e284ce9/acg-air-nasu-gore-tex-shoe-pNzJ2T.png",$140,https://www.nike.com/t/acg-air-nasu-gore-tex-shoe-pNzJ2T/CW6020-300
115,Nike SB Nyjah Free 2, BV2078-001,Lifestyle,"['M 4 / W 5.5', 'M 4.5 / W 6', 'M 5 / W 6.5', 'M 5.5 / W 7', 'M 6 / W 7.5', 'M 6.5 / W 8', 'M 7 / W 8.5', 'M 7.5 / W 9', 'M 8 / W 9.5', 'M 8.5 / W 10', 'M 9 / W 10.5', 'M 9.5 / W 11', 'M 10 / W 11.5', 'M 10.5 / W 12', 'M 11 / W 12.5', 'M 11.5 / W 13', 'M 12 / W 13.5', 'M 13 / W 14.5', 'M 14 / W 15.5']","The Nike SB Nyjah Free 2 is a sequel worthy of its predecessor. Inspired by the iconic Nike Air Zoom Spiridon, the original rubber design has been updated with mesh panels to help your feet stay cool through your hottest skate sessions.", Black/Black/Black/White,Available,3.8 Stars,"https://static.nike.com/a/images/t_PDP_1280_v1/f_auto,q_auto:eco/c665cbcf-2d32-4bb0-a0c1-b09149cb7928/sb-nyjah-free-2-skate-shoe-s4Kt9q.png",$95,https://www.nike.com/t/sb-nyjah-free-2-skate-shoe-s4Kt9q/BV2078-001
116,Nike Venture Runner, CK2944-400,Lifestyle,"['6', '6.5', '7', '7.5', '8', '8.5', '9', '9.5', '10', '10.5', '11', '11.5', '12', '12.5', '13', '14', '15']","The Nike Venture Runner nods to the iconic shoes of the '80s that started the running revolution. The exposed stitching, high-flex upper and micro-branded heel clip add fresh DNA to the classic track look while its airy mesh and new, cushy insole elevate the feel.", Midnight Navy/Midnight Navy/White,Available,4.7 Stars,"https://static.nike.com/a/images/t_PDP_1280_v1/f_auto,q_auto:eco/i1-1aac6e43-1865-4e8f-b807-7cd8cf64c75a/venture-runner-mens-shoe-HHcvdw.png",$70,https://www.nike.com/t/venture-runner-mens-shoe-HHcvdw/CK2944-400
117,Nike Court Vision Low, CD5463-102,Lifestyle,"['6', '6.5', '7', '7.5', '8', '8.5', '9', '9.5', '10', '10.5', '11', '11.5', '12', '12.5', '13', '14', '15']","So you're in love with the classic look of '80s basketball, but you've got a thing for the fast-paced culture of today's game. Meet the new Nike Court Vision Low. Its crisp upper and stitched overlays are inspired by the hook shot of old-school basketball while its super plush, low-cut collar adds a sleek look that's comfortable day in and day out.", White/University Red,Available,4.6 Stars,"https://static.nike.com/a/images/t_PDP_1280_v1/f_auto,q_auto:eco/5b290459-26e9-4c36-b2a8-685a32a6217d/court-vision-low-shoe-4G3ZFr.png",$65,https://www.nike.com/t/court-vision-low-shoe-4G3ZFr/CD5463-102
